#z	Asia/Kolkata
#c	IN
#r	
Achampet		16.40	78.64	0	21
Adampur		29.28	75.47	0	26
Ahmedgarh		30.68	75.83	0	31
Ahor		25.37	72.78	0	17
Akalkuva		21.55	74.02	0	18
Aklūj	Akluj	17.89	75.02	0	40
Alang		21.40	72.18	0	18
Alattūr	Alattur	10.65	76.53	0	27
Alīpur Duār	Alipur Duar	26.48	89.52	0	65
Ambaji		24.33	72.85	0	18
Anandpur		21.21	86.12	0	40
Areraj		26.55	84.68	0	26
Arwal		25.24	84.67	0	52
Bada Malhera		24.56	79.31	0	18
Badi		23.04	78.08	0	20
Bagru		26.81	75.55	0	31
Bakhri		25.60	86.26	0	40
Baliguda		20.20	83.91	0	17
Ballia		25.42	86.31	0	48
Bangawan		23.19	82.13	0	21
Bareli		23.00	78.23	0	35
Bargūr	Bargur	12.54	78.36	0	16
Baripāda	Baripada	21.93	86.73	0	117
Barnagar		23.05	75.38	0	36
Baroda		25.50	76.65	0	18
Barwala		22.22	72.07	0	18
Basukinath		24.39	87.09	0	17
Bayad		23.22	73.21	0	18
Benipur		26.06	86.15	0	75
Bhadravati		20.10	79.11	0	61
Bhauri		24.66	72.91	0	15
Bhikkiwind Uttār	Bhikkiwind Uttar	31.35	74.70	0	21
Bhiloda		23.77	73.25	0	16
Bhokar		19.22	77.67	0	33
Bhupalpally		18.43	79.86	0	42
Bhābhar	Bhabhar	24.07	71.60	0	22
Bijaipur		26.05	77.37	0	17
Bijuri		23.25	82.12	0	33
Bikram		25.45	84.86	0	22
Bishrāmpur	Bishrampur	24.25	83.93	0	43
Biswanath Chariali		26.73	93.15	0	19
Bramhapuri		20.61	79.86	0	36
Bunjwah		33.15	75.95	0	16
Byasanagar		20.96	86.13	0	57
Bādepalli	Badepalli	16.75	78.14	0	33
Bāgbahra	Bagbahra	21.05	82.39	0	20
Bāonlī	Baonli	26.33	76.23	0	15
Bījāpur	Bijapur	18.79	80.82	0	16
Chandili		19.25	83.41	0	19
Chanpatia		26.94	84.54	0	27
Chaumu		27.17	75.72	0	64
Chautāpal	Chautapal	17.26	78.90	0	19
Chhanerā	Chhanera	21.96	76.69	0	22
Chhatarpur		28.50	77.18	0	47
Chinnūr	Chinnur	18.86	79.80	0	24
Chirmiri		23.19	82.35	0	101
Chitarpur		23.57	85.65	0	23
Chitrakoot Dham		25.21	80.92	0	23
Chorwād	Chorwad	21.03	70.23	0	23
Chāchaura	Chachaura	24.18	77.00	0	22
Chīka	Chika	30.05	76.34	0	39
Dalli Rājhara	Dalli Rajhara	20.59	81.08	0	44
Darsi		15.77	79.68	0	33
Desāīganj	Desaiganj	20.62	79.96	0	29
Devadurga		16.42	76.94	0	29
Dhārni	Dharni	21.55	76.89	0	16
Diglipur		13.27	93.00	0	43
Electronic City Phase I		12.85	77.66	0	76
Etah		27.56	78.66	0	131
Fatehnagar		24.81	74.10	0	23
Gairtganj		23.41	78.22	0	18
Gajwel		17.85	78.68	0	25
Garhchiroli		20.18	80.01	0	54
Garot		24.32	75.65	0	15
Gogri Jamālpur	Gogri Jamalpur	25.41	86.66	0	38
Gokavaram		17.26	81.85	0	16
Gooty		15.12	77.64	0	49
Gorantla		13.98	77.77	0	25
Gormi		26.60	78.51	0	21
Gotan		26.66	73.74	0	18
Gotegaon		23.03	79.48	0	28
Gulgam		34.55	74.22	0	16
Hanumana		24.78	82.10	0	17
Hatti		16.20	76.66	0	16
Hāt Piplia	Hat Piplia	22.77	76.30	0	17
Idar		23.84	73.00	0	42
Indargarh		25.91	78.56	0	23
Indāpur	Indapur	18.12	75.03	0	26
Irimbiliyam		10.86	76.09	0	31
Jadcherla		16.77	78.14	0	18
Jagiroad		26.12	92.20	0	18
Jhālod	Jhalod	23.10	74.16	0	29
Jowai		25.44	92.19	0	28
Jāfarābād	Jafarabad	20.87	71.37	0	27
Jāmkhed	Jamkhed	18.74	75.31	0	34
Jāmner	Jamner	20.81	75.78	0	47
Kaimur		24.05	80.61	0	19
Kakdwip		21.88	88.19	0	19
Kallam		18.58	76.02	0	26
Kalwākurti	Kalwakurti	16.66	78.49	0	28
Kalāyat	Kalayat	29.68	76.26	0	19
Kanchanpur		24.04	92.20	0	15
Kandahār	Kandahar	18.87	77.19	0	25
Kapasan		24.89	74.32	0	21
Karanjiā	Karanjia	21.76	85.97	0	23
Karjan		22.05	73.12	0	30
Kataiya		26.57	84.08	0	20
Kattumannarkoil		11.28	79.56	0	27
Kesariyā	Kesariya	26.35	84.87	0	19
Khaniādhāna	Khaniadhana	25.03	78.13	0	16
Khariar Road		20.90	82.51	0	19
Kherli		27.27	76.99	0	18
Khongapani		23.19	82.16	0	17
Kiphire		25.87	94.79	0	16
Kopawor		34.53	74.26	0	22
Kottārakara	Kottarakara	9.00	76.77	0	30
Krishnarājāsāgara	Krishnarajasagara	12.44	76.38	0	36
Kurikuppi		15.22	76.65	0	23
Kālimpong	Kalimpong	27.03	88.63	0	43
Kāttipparutti	Kattipparutti	10.87	76.05	0	40
Lauri		25.14	80.00	0	22
Lehragaga		29.94	75.80	0	23
Loha		18.94	77.12	0	24
Lonand		18.04	74.19	0	19
Lālpettai	Lalpettai	11.30	79.56	0	17
Madhira		16.92	80.36	0	23
Mahesāna	Mahesana	23.60	72.38	0	191
Mahnar Bazar		25.61	85.48	0	48
Mahārājpur	Maharajpur	25.02	79.73	0	23
Majhiāon Kalān	Majhiaon Kalan	24.32	83.82	0	18
Makhdumpur		25.07	84.97	0	32
Malajkhand		22.05	80.72	0	34
Mandāwa	Mandawa	28.06	75.15	0	23
Manendragarh		23.21	82.20	0	33
Mangalvedha		17.51	75.45	0	22
Marayur		10.28	77.16	0	25
Mehidpur		23.49	75.66	0	34
Moreh		24.25	94.30	0	17
Motipur		26.25	85.16	0	29
Mudalgi		16.34	74.97	0	29
Mullānwāla	Mullanwala	31.06	74.82	0	16
Mulugu		18.19	79.94	0	298
Māliya	Maliya	23.09	70.76	0	16
Māyābandar	Mayabandar	12.91	92.90	0	24
Mūllānpur	Mullanpur	30.85	75.66	0	16
Nadim Tiruvuru		17.11	80.61	0	19
Nagalapuram		13.39	79.80	0	34
Nagaon		26.35	92.67	0	122
Nakrekal		17.16	79.43	0	29
Nal Khera		23.84	76.24	0	17
Nalbāri	Nalbari	26.44	91.44	0	28
Narkatiāganj	Narkatiaganj	27.10	84.46	0	50
Narsampet		17.93	79.89	0	31
Navāpur	Navapur	21.16	73.79	0	34
Nawāpāra	Nawapara	20.97	81.86	0	29
Ner		20.49	77.87	0	29
Ngūr	Ngur	23.54	93.37	0	33
Nilambūr	Nilambur	11.27	76.23	0	46
Nivāri	Nivari	25.35	78.80	0	24
Nokha		25.10	84.12	0	27
Nowgong		25.06	79.44	0	41
Nārāinpur	Narainpur	19.72	81.24	0	22
Nārāyankher	Narayankher	18.03	77.77	0	16
Nāteputa	Nateputa	17.90	74.75	0	18
Nīsang	Nisang	29.69	76.75	0	17
Oddanchathiram		10.48	77.75	0	30
Pakridayal		26.56	85.05	0	30
Paranda		18.26	75.46	0	19
Patdi		23.20	71.79	0	18
Patrātu	Patratu	23.67	85.30	0	33
Pichor		25.18	78.19	0	18
Pidugurālla	Piduguralla	16.48	79.89	0	63
Pipariā	Piparia	22.76	78.35	0	49
Pirthīpur	Pirthipur	25.21	78.75	0	27
Podili		15.61	79.61	0	31
Prāntij	Prantij	23.44	72.84	0	24
Pālaiyam	Palaiyam	10.73	78.14	0	15
Pāmūru	Pamuru	15.10	79.41	0	20
Pāndharkawada	Pandharkawada	20.02	78.55	0	31
Pīleru	Pileru	13.66	78.94	0	41
Rajauli		24.64	85.50	0	30
Rajgangpur		22.20	84.58	0	51
Rangat		12.51	92.92	0	39
Raval		21.92	69.48	0	20
Renwāl	Renwal	27.16	75.36	0	29
Resubelpara		25.90	90.61	0	20
Rāmdurg	Ramdurg	15.95	75.30	0	35
Rāmpur	Rampur	21.07	84.34	0	15
Rānpur	Ranpur	22.35	71.71	0	17
Rāyagada	Rayagada	19.17	83.41	0	71
Sadulshahar		29.91	74.18	0	25
Sakri		20.99	74.31	0	22
Samāna	Samana	30.15	76.20	0	54
Sanjan		20.19	72.82	0	16
Sankarankovil		9.17	77.54	0	57
Santrampur		23.19	73.90	0	19
Sasarām	Sasaram	24.95	84.02	0	147
Saunda		23.66	85.33	0	82
Sawar		25.76	75.22	0	20
Seoni Chhapāra	Seoni Chhapara	22.39	79.54	0	15
Seppa		27.36	93.04	0	18
Shaktinagar		16.36	77.36	0	17
Shehera		22.95	73.63	0	19
Shrirampur		19.62	74.66	0	89
Silapathar		27.59	94.72	0	26
Silvāni	Silvani	23.30	78.44	0	19
Singampunari		10.19	78.42	0	18
Sir Muttra		26.52	77.37	0	18
Sirālkoppa	Siralkoppa	14.38	75.25	0	17
Siwāni	Siwani	28.91	75.61	0	19
Solsumba		20.16	72.79	0	19
Sonkach		22.97	76.35	0	17
Sonpet		19.03	76.47	0	16
Srikalahasti		13.76	79.70	0	80
Sunabeda		18.73	82.83	0	50
Surajpur		23.21	82.87	0	20
Sāgwāra	Sagwara	23.68	74.02	0	29
Sāhibganj	Sahibganj	26.31	84.93	0	23
Sārni	Sarni	22.10	78.17	0	86
Sāvli	Savli	22.56	73.22	0	18
Talala		21.05	70.53	0	21
Talod		23.35	72.95	0	18
Talwandi Sābo	Talwandi Sabo	29.98	75.08	0	21
Tamenglong		25.02	93.49	0	19
Tammampatti		11.44	78.49	0	22
Tangla		26.66	91.91	0	17
Teliamura		23.84	91.63	0	21
Thenali		16.24	80.64	0	165
Thiruthuraipoondi		10.53	79.63	0	24
Thodupuzha		9.89	76.72	0	52
Tirorā	Tirora	21.40	79.93	0	25
Tondalam		11.50	76.35	0	45
Torūr	Torur	17.58	79.66	0	19
Trittāla	Trittala	10.80	76.13	0	28
Ukhrul		25.12	94.36	0	27
Ulundurpet		11.69	79.29	0	24
Umargām	Umargam	20.20	72.75	0	28
Urun-Islāmpur	Urun-Islampur	17.05	74.27	0	67
Utnūr	Utnur	19.37	78.78	0	16
Vellakkovil		10.95	77.71	0	40
Vijayapuri North		16.59	79.32	0	16
Viramgām	Viramgam	23.13	72.05	0	56
Viratnagar		27.44	76.18	0	21
Vādāsinor	Vadasinor	22.96	73.34	0	39
Waluj Buzurg		19.80	75.23	0	20
Williamnagar		25.50	90.62	0	25
koppana Agrahara		12.86	77.67	0	21
Āmūr	Amur	18.79	78.28	0	64
#r	Andaman and Nicobar Islands
Port Blair		11.67	92.75	0	112
#r	Andhra Pradesh
Addanki		15.81	79.97	0	29
Adoni		15.63	77.27	0	185
Akivīdu	Akividu	16.58	81.38	0	40
Akkarampalle		13.65	79.42	0	44
Amalāpuram	Amalapuram	16.58	82.01	0	53
Amaravati		16.51	80.52	0	103
Amudālavalasa	Amudalavalasa	18.41	83.90	0	40
Anakapalle		17.69	83.00	0	87
Anantapur		14.68	77.61	0	267
Atmakūr	Atmakur	15.88	78.59	0	35
Attili		16.70	81.60	0	68
Avanigadda		16.02	80.92	0	26
Avilala		13.61	79.42	0	25
Badvel		14.75	79.06	0	71
Banganapalle		15.32	78.23	0	25
Betamcherla		15.45	78.15	0	39
Bhattiprolu		16.10	80.78	0	18
Bhimavaram		16.54	81.52	0	147
Bhīmunipatnam	Bhimunipatnam	17.89	83.45	0	55
Bobbili		18.57	83.36	0	57
Bāpatla	Bapatla	15.90	80.47	0	71
Challapalle		16.12	80.93	0	17
Chemmumiahpet		14.46	78.81	0	31
Chilakalūrupet	Chilakalurupet	16.09	80.17	0	101
Chinnachowk		14.48	78.84	0	64
Chittoor		13.21	79.10	0	161
Chodavaram		17.83	82.94	0	29
Chīpurupalle	Chipurupalle	18.31	83.57	0	26
Chīrāla	Chirala	15.82	80.35	0	93
Cumbum		15.58	79.11	0	23
Dharmavaram		14.41	77.72	0	122
Dhone		15.40	77.87	0	59
Dowleswaram		16.95	81.78	0	45
Elamanchili		17.55	82.86	0	27
Eluru		16.71	81.10	0	218
Emmiganūr	Emmiganur	15.77	77.48	0	95
Erraguntla		14.64	78.54	0	33
Gajuwaka		17.70	83.22	0	259
Gannavaram		16.54	80.80	0	19
Giddalūr	Giddalur	15.37	78.93	0	35
Gopavaram		14.78	78.57	0	23
Gudivāda	Gudivada	16.44	81.00	0	118
Guntakal		15.17	77.36	0	126
Guntur		16.30	80.46	0	670
Gūdūr	Gudur	14.15	79.85	0	75
Hindupur		13.83	77.49	0	152
Hukumpeta		16.99	81.80	0	17
Ibrāhīmpatnam	Ibrahimpatnam	16.58	80.51	0	29
Ichchāpuram	Ichchapuram	19.11	84.69	0	36
Jaggaiahpet		16.89	80.10	0	54
Jaggayyapeta		16.89	80.10	0	41
Jammalamadugu		14.85	78.38	0	46
Kadapa		14.48	78.82	0	345
Kadiri		14.11	78.16	0	89
Kaikalūr	Kaikalur	16.55	81.21	0	21
Kakkalapalle		14.64	77.57	0	30
Kalyandurg		14.55	77.11	0	32
Kandukūr	Kandukur	15.22	79.90	0	57
Kanigiri		15.41	79.51	0	25
Kanigiri U		15.41	79.51	0	37
Kanuru		16.29	81.25	0	44
Katheru		17.04	81.78	0	24
Kondapalle		16.62	80.54	0	39
Kosigi		15.86	77.24	0	15
Kovvūr	Kovvur	17.02	81.73	0	40
Kovūr	Kovur	14.50	79.99	0	36
Kuppam		12.75	78.34	0	22
Kākināda	Kakinada	16.96	82.24	0	384
Kānūru	Kanuru	16.50	80.69	0	49
Kāsībugga	Kasibugga	18.76	84.42	0	58
Kāvali	Kavali	14.92	79.99	0	90
L.A.Sagaram		13.90	79.89	0	20
Machilīpatnam	Machilipatnam	16.19	81.14	0	193
Madanapalle		13.55	78.50	0	180
Mandapeta		16.86	81.93	0	56
Mangalagiri		16.43	80.57	0	107
Mangalam		13.66	79.46	0	19
Molakālumuru	Molakalumuru	14.72	76.75	0	16
Morampudi		16.98	81.84	0	15
Mācherla	Macherla	16.48	79.44	0	57
Mārkāpur	Markapur	15.74	79.27	0	71
Nagari		13.32	79.59	0	62
Nandigāma	Nandigama	16.77	80.29	0	38
Nandikotkūr	Nandikotkur	15.86	78.27	0	45
Nandyāl	Nandyal	15.48	78.48	0	211
Narasannapeta		18.41	84.04	0	26
Narasapur		16.43	81.70	0	59
Narasaraopet		16.23	80.05	0	117
Narsīpatnam	Narsipatnam	17.67	82.61	0	34
Nellimarla		18.16	83.45	0	20
Nellore		14.45	79.99	0	548
Nidadavole		16.91	81.67	0	44
Nāyudupet	Nayudupet	13.91	79.89	0	46
Nūzvīd	Nuzvid	16.79	80.85	0	59
Ongole		15.50	80.04	0	208
Palakollu		16.52	81.73	0	81
Palmaner		13.20	78.75	0	54
Palāsa	Palasa	18.77	84.41	0	66
Paralakhemundi		18.78	84.10	0	87
Payakaraopeta		17.37	82.57	0	27
Pedana		16.26	81.14	0	31
Peddāpuram	Peddapuram	17.08	82.14	0	49
Penugonda		16.65	81.75	0	24
Penukonda		14.08	77.59	0	20
Phirangipuram		16.29	80.26	0	17
Pithāpuram	Pithapuram	17.12	82.25	0	55
Polavaram		17.25	81.64	0	44
Ponnur		16.07	80.55	0	60
Ponnūru	Ponnuru	16.07	80.55	0	57
Poranki		16.48	80.71	0	26
Proddatūr	Proddatur	14.75	78.55	0	178
Pulivendla		14.42	78.23	0	66
Punganūru	Punganuru	13.37	78.57	0	55
Puttūr	Puttur	13.44	79.55	0	54
Pākāla	Pakala	13.45	79.11	0	25
Pālkonda	Palkonda	18.60	83.76	0	29
Pārvatipuram	Parvatipuram	18.78	83.43	0	54
Rajamahendravaram		17.01	81.78	0	376
Ramanayyapeta		16.95	82.24	0	28
Rameswaram		14.74	78.54	0	19
Rampachodavaram		17.44	81.78	0	25
Rasapūdipalem	Rasapudipalem	17.73	83.32	0	1728
Rayachoti		14.06	78.75	0	91
Renigunta		13.65	79.51	0	26
Repalle		16.02	80.83	0	51
Rāmachandrapuram	Ramachandrapuram	16.84	82.03	0	44
Rāmavarappādu	Ramavarappadu	16.52	80.68	0	22
Rāmāpuram	Ramapuram	13.10	79.18	0	31
Rāyadrug	Rayadrug	14.70	76.85	0	62
Rāzampeta	Razampeta	14.20	79.16	0	54
Rāzām	Razam	18.45	83.66	0	42
Sattenapalle		16.39	80.15	0	57
Singarāyakonda	Singarayakonda	15.23	80.03	0	19
Somandepalle		14.01	77.61	0	19
Sompeta		18.94	84.58	0	19
Srikakulam		18.30	83.90	0	138
Sriramnagar		18.28	83.53	0	19
Srisailam Project RFC Township		16.07	78.87	0	21
Srīsailain	Srisailain	16.07	78.87	0	24
Suryaraopeta		17.00	82.22	0	24
Sālūr	Salur	18.52	83.21	0	50
Sāmalkot	Samalkot	17.06	82.18	0	57
Sūlūru	Suluru	13.70	80.02	0	38
Tadepalligudem		16.81	81.53	0	113
Tadpatri		14.91	78.01	0	108
Tanuku		16.75	81.68	0	78
Tekkali		18.61	84.24	0	29
Tiruchanur		13.61	79.45	0	23
Tirumala		13.68	79.35	0	18
Tirupati		13.64	79.42	0	295
Tirupati NMA		13.63	79.49	0	38
Tuni		17.36	82.55	0	53
Tādepalle	Tadepalle	16.48	80.60	0	64
Tādigadapa	Tadigadapa	16.47	80.70	0	17
Uravakonda		14.94	77.25	0	36
Vadlapūdi	Vadlapudi	14.31	79.80	0	18
Venkatagiri		13.96	79.58	0	53
Vepagunta		17.78	83.22	0	27
Vetapālem	Vetapalem	15.79	80.31	0	39
Vijayawada		16.51	80.65	0	1143
Vinnamāla	Vinnamala	13.91	79.91	0	21
Vinukonda		16.05	79.74	0	63
Visakhapatnam		17.68	83.20	0	1063
Vizianagaram		18.12	83.41	0	229
Vuyyūru	Vuyyuru	16.36	80.84	0	37
Yanam		16.73	82.21	0	56
Yanamalakuduru		16.49	80.67	0	34
#r	Arunachal Pradesh
Along		28.17	94.80	0	18
Itanagar		27.09	93.61	0	59
Jining		28.22	94.85	0	21
Margherita		27.28	95.67	0	27
Naharlagun		27.10	93.70	0	36
Pāsighāt	Pasighat	28.07	95.33	0	26
Tezu		27.91	96.13	0	18
#r	Assam
Abhayāpuri	Abhayapuri	26.32	90.69	0	16
Barpeta		26.32	91.01	0	49
Barpeta Road		26.50	90.97	0	36
Bilāsipāra	Bilasipara	26.23	90.23	0	38
Bokajān	Bokajan	26.02	93.78	0	20
Bongaigaon		26.48	90.56	0	67
Chāpar	Chapar	26.27	90.45	0	20
Dergaon		26.70	93.97	0	20
Dhekiajuli		26.70	92.48	0	22
Dhing		26.47	92.47	0	21
Dhubri		26.02	89.99	0	63
Dibrugarh		27.48	94.91	0	145
Digboi		27.39	95.62	0	22
Diphu		25.84	93.43	0	62
Duliajan		27.36	95.32	0	29
Duliajan Oil Town		27.36	95.31	0	29
Dum Duma		27.57	95.56	0	22
Gauripur		26.08	89.96	0	25
Golāghāt	Golaghat	26.51	93.96	0	42
Goālpāra	Goalpara	26.18	90.63	0	53
Guwahati		26.18	91.75	0	962
Hailākāndi	Hailakandi	24.68	92.56	0	34
Hojāi	Hojai	26.00	92.86	0	37
Howli		26.42	90.98	0	18
Hāflong	Haflong	25.16	93.02	0	44
Hājo	Hajo	26.25	91.53	0	16
Jorhat		26.76	94.20	0	127
Karīmganj	Karimganj	24.87	92.36	0	57
Khārupatia	Kharupatia	26.52	92.15	0	19
Kokrajhar		26.40	90.27	0	34
Lakhipur		26.03	90.31	0	16
Lanka		25.93	92.95	0	37
Lumding Railway Colony		25.75	93.17	0	31
Mangaldai		26.44	92.03	0	26
Mariāni	Mariani	26.66	94.32	0	24
Morigaon		26.25	92.35	0	29
Mākum	Makum	27.49	95.44	0	17
Nahorkatiya		27.29	95.33	0	19
Niz-Hajo		26.25	91.52	0	15
North Guwāhāti	North Guwahati	26.20	91.72	0	18
North Lakhimpur		27.24	94.10	0	60
Nāmrup	Namrup	27.19	95.32	0	18
Rangia		26.45	91.61	0	28
Rangāpāra	Rangapara	26.84	92.67	0	19
Sibsāgar	Sibsagar	26.98	94.64	0	62
Silchar		24.83	92.80	0	179
Sonāri	Sonari	27.02	95.02	0	20
Tezpur		26.63	92.80	0	76
Tinsukia		27.49	95.36	0	116
Titabor Town		26.59	94.19	0	18
Udalguri		26.75	92.10	0	16
#r	Bihar
Amarpur		25.04	86.90	0	25
Arrah		25.56	84.66	0	261
Arāria	Araria	26.15	87.51	0	79
Aurangābād	Aurangabad	24.75	84.37	0	102
Bagaha		27.10	84.09	0	113
Bagaha		24.53	85.06	0	91
Bahādurganj	Bahadurganj	26.26	87.82	0	37
Bairāgnia	Bairagnia	26.74	85.27	0	43
Bakhtiarpur		25.46	85.53	0	48
Bakhtiyārpur	Bakhtiyarpur	25.46	85.53	0	35
Bangaon		25.87	86.51	0	60
Banmankhi		25.89	87.19	0	27
Banmankhi Bazar		25.89	87.19	0	30
Bar Bigha		25.22	85.73	0	42
Barauli		26.38	84.59	0	42
Barauni		25.47	85.98	0	72
Barbigha		25.22	85.73	0	46
Barhiya		25.29	86.02	0	43
Begusarai		25.42	86.13	0	252
Bela		25.56	84.43	0	27
Belsand		26.44	85.40	0	21
Bettiah		26.80	84.50	0	132
Bhabhua		25.04	83.61	0	50
Bhadauni		24.88	85.53	0	21
Bhawanipur		26.45	87.03	0	27
Bhāgalpur	Bhagalpur	25.24	86.97	0	400
Bihtā	Bihta	25.56	84.87	0	48
Bihār Sharīf	Bihar Sharif	25.20	85.52	0	297
Bihārīganj	Bihariganj	25.73	86.99	0	33
Bihāt	Bihat	25.43	86.02	0	68
Bikramganj		25.21	84.26	0	48
Bodh Gaya		24.70	84.99	0	38
Buxar		25.58	83.98	0	103
Bānka	Banka	24.88	86.92	0	46
Bānsdīh	Bansdih	25.88	84.22	0	21
Bārh	Barh	25.48	85.71	0	61
Bāruni	Baruni	25.48	85.97	0	85
Bīrpur	Birpur	26.51	87.01	0	20
Chhātāpur	Chhatapur	26.22	87.00	0	23
Chākia	Chakia	26.42	85.05	0	21
Chāpra	Chapra	25.78	84.75	0	202
Colgong		25.26	87.23	0	34
Dalsingh Sarai		25.67	85.84	0	24
Darbhanga		26.15	85.90	0	296
Daudnagar		25.03	84.40	0	52
Dhāka	Dhaka	26.67	85.17	0	42
Dighwāra	Dighwara	25.74	85.01	0	33
Dinapore		25.64	85.05	0	153
Dinapur Cantonment		25.64	85.02	0	29
Dinapur Nizamat		25.64	85.05	0	182
Dumra		26.57	85.52	0	16
Dumraon		25.55	84.15	0	54
Fatwa		25.51	85.31	0	51
Forbesganj		26.30	87.27	0	50
Gaya		24.80	85.00	0	474
Ghogardīha	Ghogardiha	26.28	86.47	0	18
Gopālganj	Gopalganj	26.47	84.44	0	67
Hilsa		25.32	85.28	0	51
Hisua		24.83	85.42	0	33
Hājīpur	Hajipur	25.69	85.21	0	148
Islāmpur	Islampur	25.14	85.21	0	36
Jagdīspur	Jagdispur	25.47	84.42	0	32
Jahānābād	Jahanabad	25.21	84.99	0	103
Jainagar		26.59	86.14	0	22
Jamālpur	Jamalpur	25.31	86.49	0	105
Jamūī	Jamui	24.93	86.23	0	87
Jhajha		24.77	86.38	0	41
Jhanjhārpur	Jhanjharpur	26.26	86.28	0	31
Jogbani		26.40	87.27	0	39
Kantai		26.21	85.30	0	25
Kasba		25.86	87.54	0	30
Katihar		25.54	87.57	0	241
Khagaria		25.50	86.47	0	50
Khagaul		25.58	85.05	0	52
Kharagpur		25.12	86.56	0	31
Khusropur		25.48	85.38	0	16
Koelwār	Koelwar	25.58	84.80	0	25
Koāth	Koath	25.33	84.26	0	19
Luckeesarai		25.18	86.09	0	100
Lālganj	Lalganj	25.87	85.17	0	37
Madhepura		25.92	86.79	0	54
Madhuban		26.44	85.14	0	18
Madhubani		26.35	86.07	0	76
Madhurampur Dehri		24.97	84.20	0	137
Mahārājgani	Maharajgani	26.11	84.50	0	24
Mairwa		26.23	84.16	0	24
Maner		25.65	84.87	0	40
Manihāri	Manihari	25.34	87.62	0	27
Marhaura		25.97	84.87	0	30
Masaurhi Buzurg		25.35	85.03	0	60
Mehsi		26.36	85.09	0	26
Mirganj		26.37	84.33	0	26
Mokameh		25.40	85.92	0	61
Mothīhāri	Mothihari	26.65	84.92	0	126
Munger		25.37	86.47	0	213
Murlīganj	Murliganj	25.90	87.00	0	29
Muzaffarpur		26.12	85.39	0	354
Nabīnagar	Nabinagar	24.61	84.13	0	24
Naubatpur		25.50	84.96	0	25
Naugachhia		25.39	87.10	0	49
Nawāda	Nawada	24.89	85.54	0	98
Nirmāli	Nirmali	26.31	86.59	0	20
Nohsa		25.57	85.06	0	17
Nāsriganj	Nasriganj	25.05	84.33	0	24
Patna		25.59	85.14	0	1684
Phulwari Sharif		25.58	85.07	0	82
Piro		25.33	84.40	0	34
Pupri		26.47	85.70	0	15
Purnia		25.78	87.47	0	282
Purāini	Puraini	25.14	86.98	0	31
Rafiganj		24.82	84.63	0	36
Raxaul		26.98	84.85	0	56
Reoti		25.85	84.38	0	24
Revelganj		25.79	84.64	0	39
Rosera		25.75	86.03	0	31
Rusera		25.75	86.03	0	29
Rājgīr	Rajgir	25.03	85.42	0	42
Rāmnagar	Ramnagar	27.16	84.32	0	48
Sagauli		26.76	84.74	0	39
Saharsa		25.87	86.60	0	157
Samāstipur	Samastipur	25.86	85.78	0	68
Shahbazpur		26.31	87.29	0	38
Sheikhpura		25.14	85.84	0	63
Sheohar		26.51	85.29	0	28
Sherghāti	Sherghati	24.56	84.79	0	41
Shāhpur	Shahpur	25.60	84.40	0	18
Silao		25.08	85.43	0	26
Siwān	Siwan	26.22	84.36	0	135
Sonepur		25.70	85.17	0	38
Sultānganj	Sultanganj	25.24	86.74	0	53
Supaul		26.12	86.60	0	65
Sītāmarhi	Sitamarhi	26.59	85.49	0	68
Teghra		25.49	85.94	0	56
Tekāri	Tekari	24.94	84.84	0	21
Thākurganj	Thakurganj	26.43	88.13	0	18
Wāris Alīganj	Waris Aliganj	25.02	85.64	0	35
#r	Chandigarh
Chandigarh		30.74	76.79	0	971
Mani Mājra	Mani Majra	30.71	76.84	0	15
Naya Gaon		30.78	76.79	0	51
Panchkula		30.69	76.85	0	211
#r	Chhattisgarh
Ahīwāra	Ahiwara	21.36	81.42	0	20
Akaltara		22.02	82.43	0	23
Ambikāpur	Ambikapur	23.12	83.20	0	121
Arang		21.20	81.97	0	19
Bacheli		18.68	81.27	0	21
Baikunthpur		23.26	82.56	0	28
Balod		20.73	81.21	0	24
Baloda Bāzār	Baloda Bazar	21.66	82.16	0	27
Bemetāra	Bemetara	21.72	81.53	0	29
Bhelai		22.31	82.61	0	27
Bhilai		21.21	81.43	0	628
Bhilai Charoda		21.22	81.46	0	98
Bhānpurī	Bhanpuri	21.09	80.93	0	17
Bhātāpāra	Bhatapara	21.73	81.95	0	58
Bilāspur	Bilaspur	22.08	82.16	0	366
Birgaon		21.31	81.63	0	96
Bodrī	Bodri	22.02	82.11	0	17
Chāmpa	Champa	22.04	82.64	0	45
Deori		22.10	82.27	0	17
Dhamtari		20.71	81.55	0	102
Dongargarh		21.19	80.75	0	37
Durg		21.19	81.28	0	269
Gumlā	Gumla	23.04	84.54	0	51
Jagdalpur		19.08	82.02	0	125
Jashpur Nagar		22.89	84.14	0	28
Jāmul	Jamul	21.25	81.40	0	26
Jānjgīr	Janjgir	22.01	82.58	0	33
Jūnāgarh	Junagarh	19.86	82.93	0	20
Katghora		22.50	82.54	0	23
Kawardha		22.01	81.23	0	47
Khairāgarh	Khairagarh	26.94	77.82	0	20
Khairāgarh	Khairagarh	21.42	80.98	0	23
Kharsia		21.99	83.10	0	19
Kirandul		18.64	81.26	0	19
Kondagaon		19.59	81.66	0	31
Korba		22.35	82.70	0	419
Kotapārh	Kotaparh	19.14	82.33	0	16
Kotā	Kota	22.30	82.02	0	18
Kumhāri	Kumhari	21.27	81.52	0	38
Kānker	Kanker	20.27	81.49	0	37
Lingiādīh	Lingiadih	22.08	82.18	0	22
Lormi		22.27	81.70	0	15
Mahāsamund	Mahasamund	21.11	82.09	0	54
Malakanagiri		18.36	81.89	0	31
Mungeli		22.07	81.69	0	36
Nailā	Naila	22.02	82.57	0	41
Pandaria		22.22	81.41	0	16
Pasān	Pasan	22.84	82.20	0	31
Pathalgaon		22.56	83.46	0	17
Raigarh		21.90	83.40	0	150
Raipur		21.23	81.63	0	1027
Ratanpur		22.29	82.17	0	25
Rāj-Nāndgaon	Raj-Nandgaon	21.10	81.03	0	163
Saktī	Sakti	22.03	82.96	0	22
Saraipali		21.32	83.01	0	20
Shivpur Charcha		23.33	82.53	0	24
Simga		21.63	81.70	0	16
Sirgittī	Sirgitti	22.05	82.15	0	18
Takhatpur		22.13	81.87	0	20
Tifrā	Tifra	22.06	82.13	0	30
Tilda Newra		21.55	81.80	0	37
Umarkot		19.67	82.21	0	29
#r	Dadra and Nagar Haveli
Naroli		20.27	72.94	0	16
Silvassa		20.27	73.00	0	98
Āmli	Amli	20.28	73.02	0	33
#r	Daman and Diu
Daman		20.41	72.83	0	44
Diu		20.71	70.98	0	24
Nani Daman		20.41	72.83	0	62
#r	Goa
Bicholim		15.59	73.95	0	17
Calangute		15.54	73.76	0	17
Chimbel		15.49	73.87	0	15
Cuncolim		15.18	73.99	0	17
Curchorem		15.26	74.11	0	23
Curti		15.42	74.02	0	16
Davorlim		15.27	73.99	0	15
Madgaon		15.28	73.96	0	88
Mapusa		15.59	73.81	0	40
Mormugao		15.39	73.81	0	102
Panjim		15.50	73.83	0	71
Penha de França	Penha de Franca	15.52	73.84	0	15
Ponda		15.40	74.02	0	23
Sancoale		15.38	73.90	0	22
Taleigao		15.47	73.83	0	17
Vasco da Gama		15.40	73.82	0	100
#r	Gujarat
Abrama		20.86	72.91	0	21
Ahmedabad		23.03	72.59	0	6358
Ahwa		20.76	73.69	0	15
Amod		21.99	72.87	0	19
Amreli		21.60	71.21	0	118
Amroli		21.25	72.84	0	17
Anand		22.55	72.96	0	209
Andada		21.66	73.02	0	17
Anjār	Anjar	23.11	70.03	0	87
Anklav		22.38	73.00	0	21
Ankleshwar		21.63	72.99	0	89
Anklesvar INA		21.62	73.03	0	25
Baben		21.14	73.10	0	16
Bagasra		21.49	70.96	0	35
Bareja		22.85	72.59	0	20
Bedi		22.50	70.04	0	21
Bhachāu	Bhachau	23.30	70.34	0	40
Bharūch	Bharuch	21.69	72.98	0	169
Bhavnagar		21.76	72.15	0	606
Bholav		21.72	73.01	0	25
Bhuj		23.25	69.67	0	149
Bhānvad	Bhanvad	21.93	69.78	0	22
Bhāyāvadar	Bhayavadar	21.86	70.25	0	19
Bilimora		20.77	72.96	0	511
Bopal		23.03	72.47	0	38
Boriavi		22.61	72.93	0	20
Borsad		22.41	72.90	0	63
Botad		22.17	71.67	0	130
Bābra	Babra	21.85	71.31	0	25
Bāntva	Bantva	21.49	70.08	0	15
Bāola	Baola	22.83	72.36	0	42
Bārdoli	Bardoli	21.12	73.11	0	61
Chaklāsi	Chaklasi	22.65	72.94	0	40
Chalthan		21.15	72.96	0	22
Chalāla	Chalala	21.41	71.17	0	17
Chanod		20.35	72.93	0	19
Chhala		23.31	72.77	0	17
Chhaya		21.63	69.63	0	48
Chhiri		20.38	72.94	0	19
Chhota Udepur		22.30	74.02	0	26
Chotila		22.42	71.20	0	21
Chānasma	Chanasma	23.71	72.11	0	16
Dabhel		20.41	72.88	0	53
Dabhoi		22.18	73.43	0	56
Dahegām	Dahegam	23.17	72.82	0	43
Deesa		24.26	72.18	0	111
Devgadh Bāriya	Devgadh Bariya	22.71	73.91	0	21
Dhandhuka		22.38	71.99	0	32
Dhanera		24.51	72.02	0	30
Dharampur		20.54	73.17	0	24
Dholka		22.73	72.44	0	81
Dhoraji		21.73	70.45	0	85
Dhrol		22.57	70.42	0	26
Dhrāngadhra	Dhrangadhra	22.99	71.47	0	76
Dhāri	Dhari	21.33	71.03	0	29
Dohad		22.83	74.26	0	119
Dwārka	Dwarka	22.24	68.97	0	39
Dākor	Dakor	22.75	73.15	0	26
Dāmnagar	Damnagar	21.69	71.52	0	18
Gadhada		21.97	71.58	0	30
Gadkhol		21.64	73.01	0	25
Gandevi		20.81	73.00	0	17
Gandhinagar		23.22	72.68	0	293
Gariadhar		21.54	71.58	0	36
Godhra		22.78	73.61	0	144
Gondal		21.96	70.80	0	112
Gāndhīdhām	Gandhidham	23.08	70.13	0	248
Halvad		23.02	71.18	0	32
Himatnagar		23.60	72.97	0	81
Hālol	Halol	22.50	73.47	0	64
Hārij	Harij	23.69	71.91	0	20
Jalalpore		20.95	72.90	0	17
Jambusar		22.05	72.80	0	43
Jamjodhpur		21.90	70.04	0	26
Jamnagar		22.47	70.07	0	601
Jasdan		22.04	71.21	0	48
Jetpur		21.75	70.62	0	118
Jhadeshwar		21.71	73.03	0	28
Jodhpur		21.90	70.03	0	47
Jodiya Bandar		22.72	70.28	0	16
Jūnāgadh	Junagadh	21.52	70.46	0	319
Kabilpor		20.95	72.96	0	16
Kadi		23.30	72.33	0	81
Kadod		21.22	73.22	0	17
Kadodara		21.16	72.96	0	27
Kalol		23.25	72.50	0	134
Kanjari		22.61	72.92	0	18
Kansad		21.07	72.88	0	28
Kapadvanj		23.02	73.07	0	49
Karamsad		22.54	72.90	0	35
Kathlāl	Kathlal	22.90	72.99	0	22
Keshod		21.30	70.25	0	76
Khali Kachigam		20.38	72.87	0	18
Khambhāliya	Khambhaliya	22.21	69.65	0	42
Khambhāt	Khambhat	22.32	72.62	0	99
Khapat		21.65	69.61	0	17
Kheda		22.75	72.69	0	26
Khedbrahma		24.03	73.05	0	29
Kherālu	Kheralu	23.89	72.62	0	22
Kim		21.40	72.93	0	19
Kodīnar	Kodinar	20.79	70.70	0	41
Kosamba		21.46	72.96	0	33
Kotharia		22.23	70.82	0	54
Kundla		21.34	71.31	0	77
Kutiyāna	Kutiyana	21.62	69.98	0	17
Kālol	Kalol	22.61	73.46	0	26
Kālāvad	Kalavad	22.21	70.38	0	28
Kāndla	Kandla	23.03	70.22	0	26
Kāthor	Kathor	21.29	72.94	0	15
Limbdi		22.57	71.81	0	43
Lālpur	Lalpur	22.19	69.96	0	15
Lāthi	Lathi	21.72	71.39	0	23
Lūnāvāda	Lunavada	23.13	73.61	0	37
Madhapar		23.24	69.70	0	32
Mahemdāvād	Mahemdavad	22.82	72.76	0	35
Mahudha		22.82	72.94	0	18
Mahuva		21.09	71.77	0	99
Mendarda		21.32	70.44	0	17
Modāsa	Modasa	23.46	73.30	0	68
Morvi		22.82	70.84	0	210
Morwa		22.90	73.84	0	20
Mundra		22.84	69.72	0	20
Māndvi	Mandvi	22.83	69.35	0	51
Māndvi	Mandvi	21.26	73.30	0	19
Māngrol	Mangrol	21.12	70.11	0	70
Mānsa	Mansa	23.43	72.66	0	30
Mānāvadar	Manavadar	21.50	70.14	0	31
Nadiād	Nadiad	22.69	72.86	0	225
Navsari		20.94	72.92	0	171
Od		22.62	73.12	0	23
Okha		22.47	69.07	0	62
Padra		22.24	73.08	0	47
Pethāpur	Pethapur	23.26	72.67	0	23
Petlād	Petlad	22.48	72.80	0	55
Porbandar		21.64	69.61	0	153
Pālanpur	Palanpur	24.17	72.44	0	142
Pālitāna	Palitana	21.53	71.82	0	64
Pārdi	Pardi	20.51	72.95	0	28
Pātan	Patan	23.85	72.13	0	134
Rādhanpur	Radhanpur	23.83	71.60	0	40
Rājkot	Rajkot	22.29	70.79	0	1391
Rājpīpla	Rajpipla	21.87	73.50	0	35
Rājula	Rajula	21.04	71.44	0	38
Rānāvāv	Ranavav	21.69	69.74	0	46
Rāpar	Rapar	23.57	70.65	0	28
Sachīn	Sachin	21.09	72.88	0	28
Salāya	Salaya	22.31	69.60	0	33
Sarangpore		21.64	73.05	0	17
Sarigam INA		20.29	72.85	0	20
Sarkhej		22.98	72.50	0	30
Savarkundla		21.34	71.30	0	78
Sayan		21.32	72.88	0	15
Siddhapur		23.92	72.37	0	62
Sihor		21.71	71.96	0	55
Sikka		22.43	69.84	0	29
Sojītra	Sojitra	22.54	72.72	0	19
Songadh		21.17	73.56	0	27
Surat		21.20	72.83	0	4591
Surendranagar		22.73	71.65	0	180
Sutrāpāra	Sutrapara	20.84	70.48	0	26
Sānand	Sanand	22.99	72.38	0	96
Sāyla	Sayla	22.55	71.48	0	15
Talāja	Talaja	21.35	72.04	0	30
Tarsadi		21.47	72.95	0	29
Thara		23.97	71.82	0	18
Tharād	Tharad	24.40	71.63	0	28
Thān	Than	22.57	71.20	0	43
Thāsra	Thasra	22.80	73.21	0	18
Trajpar		22.82	70.87	0	17
Umreth		22.70	73.12	0	34
Un		23.89	71.77	0	31
Una		20.82	71.04	0	59
Undera		22.35	73.13	0	17
Unjha		23.80	72.39	0	57
Upleta		21.74	70.28	0	59
Vadnagar		23.79	72.64	0	28
Vadodara		22.30	73.21	0	1822
Vadāli	Vadali	23.94	73.04	0	21
Valabhīpur	Valabhipur	21.89	71.88	0	19
Vallabh Vidyanagar		22.53	72.90	0	33
Valsād	Valsad	20.61	72.93	0	140
Vapi		20.37	72.90	0	164
Vapi INA		20.36	72.93	0	34
Vaso		22.66	72.76	0	16
Vejalpur		22.69	73.56	0	122
Verāval	Veraval	20.91	70.37	0	171
Vijalpor		20.92	72.91	0	81
Vijāpur	Vijapur	23.56	72.75	0	35
Visnagar		23.70	72.55	0	77
Vyāra	Vyara	21.11	73.39	0	40
Vāghodia	Vaghodia	22.31	73.40	0	17
Vīsāvadar	Visavadar	21.34	70.75	0	20
Wānkāner	Wankaner	22.61	70.94	0	48
#r	Haryana
Ambala Sadar		30.34	76.86	0	105
Ambāla	Ambala	30.36	76.80	0	195
Aya Nagar		28.47	77.13	0	33
Bablāi	Bablai	30.36	76.88	0	26
Bahadurgarh		28.69	76.94	0	171
Bara Uchāna	Bara Uchana	29.47	76.18	0	17
Bareta		29.86	75.70	0	17
Barwāla	Barwala	29.37	75.91	0	43
Barāra	Barara	30.21	77.04	0	22
Bawāni Khera	Bawani Khera	28.95	76.03	0	20
Beri Khās	Beri Khas	28.70	76.58	0	17
Bhati		28.43	77.23	0	19
Bhiwāni	Bhiwani	28.79	76.14	0	196
Bhundsi		28.35	77.06	0	17
Bādshāhpur	Badshahpur	28.39	77.05	0	16
Bāwal	Bawal	28.07	76.58	0	17
Charkhi Dādri	Charkhi Dadri	28.59	76.27	0	56
Dabwāli	Dabwali	29.95	74.74	0	62
Dera Māndi	Dera Mandi	28.44	77.18	0	17
Dhāruhera	Dharuhera	28.21	76.80	0	30
Ellenabad		29.45	74.66	0	38
Faridabad		28.41	77.31	0	1414
Fatehābād	Fatehabad	29.52	75.46	0	71
Fīrozpur Jhirka	Firozpur Jhirka	27.79	76.94	0	25
Ganaur		29.13	77.02	0	36
Ganguwa		29.11	75.70	0	26
Gharaunda		29.54	76.97	0	38
Gohāna	Gohana	29.14	76.70	0	66
Gorakhpur		29.45	75.67	0	1325
Gurugram		28.46	77.03	0	887
Heli Mandi		28.34	76.76	0	21
Hisar		29.15	75.72	0	307
Hodal		27.89	77.37	0	50
Hānsi	Hansi	29.10	75.96	0	87
Indri		29.88	77.06	0	17
Jagādhri	Jagadhri	30.17	77.30	0	125
Jhajjar		28.61	76.66	0	48
Jharoda Kalān	Jharoda Kalan	28.65	76.95	0	20
Jīnd	Jind	29.32	76.32	0	168
Kaithal		29.80	76.40	0	145
Kalānaur	Kalanaur	28.83	76.40	0	23
Kansāpur	Kansapur	30.15	77.27	0	19
Kardhān	Kardhan	30.32	76.87	0	19
Karnāl	Karnal	29.69	76.98	0	302
Kharkhauda		28.88	76.91	0	25
Kheri Nāngal	Kheri Nangal	29.35	76.98	0	18
Kālānwāli	Kalanwali	29.84	74.97	0	27
Kāpas Herd	Kapas Herd	28.53	77.08	0	74
Lādwa	Ladwa	29.99	77.05	0	29
Maham		28.97	76.29	0	20
Mahendragarh		28.27	76.15	0	29
Malakpur Kohi Rangpur		28.54	77.12	0	24
Mandi Dabwāli	Mandi Dabwali	29.97	74.70	0	53
Mānesar	Manesar	28.35	76.94	0	23
Najafgarh		28.61	76.98	0	1365
Naraingarh		30.48	77.13	0	23
Narnaul		28.04	76.11	0	75
Narwāna	Narwana	29.60	76.12	0	62
Nārnaund	Narnaund	29.22	76.14	0	17
Nīlokheri	Nilokheri	29.84	76.93	0	18
Nūh	Nuh	28.10	77.00	0	16
Palwal		28.14	77.33	0	132
Palwal Rural		28.15	77.35	0	23
Panipat		29.39	76.97	0	296
Panipat Taraf Ansar		29.41	76.95	0	43
Panipat Taraf Makhdum Zadgan		29.42	76.99	0	68
Panipat Taraf Rajputan		29.36	76.94	0	29
Pataudi		28.33	76.78	0	20
Pehowa		29.98	76.58	0	39
Pinjaur		30.80	76.92	0	36
Pūndri	Pundri	29.76	76.56	0	33
Pūnāhāna	Punahana	27.86	77.20	0	25
Ratia		29.69	75.58	0	37
Rewāri	Rewari	28.20	76.62	0	143
Rijokri		28.51	77.12	0	19
Rohtak		28.89	76.59	0	374
Roshanpura		28.60	76.99	0	57
Rāman	Raman	29.95	74.98	0	23
Rānia	Rania	29.52	74.84	0	25
Safidon		29.41	76.67	0	35
Samālka	Samalka	28.53	77.09	0	17
Samālkha	Samalkha	29.24	77.01	0	40
Sangariā	Sangaria	29.80	74.47	0	39
Shādīpur Julāna	Shadipur Julana	29.12	76.41	0	19
Shāhābād	Shahabad	30.17	76.87	0	43
Sirsa		29.53	75.03	0	183
Sisauli		30.14	77.26	0	22
Sohna		28.25	77.07	0	37
Sonīpat	Sonipat	28.99	77.02	0	289
Sultan Pur		28.50	77.16	0	15
Sāmpla	Sampla	28.78	76.77	0	21
Taj Pul		28.49	77.31	0	69
Thānesar	Thanesar	29.97	76.83	0	155
Tikri Kalān	Tikri Kalan	28.68	76.97	0	16
Tilpat		28.47	77.33	0	21
Tirāwari	Tirawari	29.80	76.93	0	26
Tohāna	Tohana	29.71	75.90	0	64
Toshām	Tosham	28.87	75.92	0	16
Tāoru	Taoru	28.21	76.95	0	23
Ugrākheri	Ugrakheri	29.38	77.01	0	24
Yamuna Nagar		30.13	77.28	0	217
Āsandh	Asandh	29.52	76.61	0	27
#r	Himachal Pradesh
Baddi		30.96	76.79	0	30
Chamba		32.56	76.13	0	22
Dharamsala		32.22	76.32	0	31
Hamīrpur	Hamirpur	31.68	76.53	0	19
Kulu		31.96	77.11	0	20
Kālka	Kalka	30.84	76.94	0	34
Mandi		31.71	76.93	0	28
Nāhan	Nahan	30.56	77.29	0	29
Pāonta Sāhib	Paonta Sahib	30.44	77.62	0	25
Shimla		31.10	77.17	0	174
Solan		30.91	77.11	0	40
Sundarnagar		31.54	76.91	0	25
Una		31.46	76.27	0	19
#r	Jharkhand
Bagbera		22.76	86.19	0	78
Barki Saria		24.18	85.89	0	24
Barkā Kānā	Barka Kana	23.62	85.47	0	18
Bermo		23.79	85.94	0	17
Bhetia		22.79	86.14	0	174
Bokāro	Bokaro	23.67	86.15	0	564
Būndu	Bundu	23.16	85.59	0	21
Chakradharpur		22.68	85.63	0	57
Chandrapura		23.75	86.12	0	27
Chas		23.64	86.17	0	142
Chatrā	Chatra	24.21	84.87	0	50
Chhota Gobindpur		22.75	86.26	0	32
Churi		23.65	85.01	0	25
Chākuliā	Chakulia	22.48	86.72	0	16
Chāībāsa	Chaibasa	22.55	85.80	0	70
Deoghar		24.49	86.70	0	203
Dhanbad		23.80	86.43	0	1196
Domchānch	Domchanch	24.47	85.69	0	16
Dugda		23.75	86.17	0	23
Dumka		24.27	87.25	0	48
Gadhra		22.75	86.25	0	19
Garhwa		24.16	83.81	0	46
Ghorabandha		22.77	86.27	0	21
Ghātsīla	Ghatsila	22.59	86.48	0	41
Giridih		24.19	86.31	0	115
Gobindpur		22.63	86.07	0	27
Godda		24.83	87.21	0	48
Gomoh		23.87	86.15	0	31
Gumia		23.80	85.83	0	48
Haludbani		22.75	86.21	0	25
Hazāribāgh	Hazaribagh	23.99	85.36	0	154
Husainābād	Husainabad	24.53	84.00	0	29
Jadugora		22.65	86.36	0	19
Jamshedpur		22.80	86.19	0	1339
Jasidih		24.51	86.65	0	16
Jharia		23.74	86.41	0	87
Jhumri Telaiya		24.43	85.53	0	88
Jugsālai	Jugsalai	22.78	86.18	0	50
Jāmadoba	Jamadoba	23.72	86.40	0	35
Jāmtāra	Jamtara	23.96	86.80	0	29
Jāridih	Jaridih	23.77	85.94	0	32
Kathhāra	Kathhara	23.76	85.88	0	22
Kedia		23.79	85.59	0	16
Khalāri	Khalari	23.65	85.01	0	20
Khunti		23.08	85.28	0	36
Kodarma		24.47	85.59	0	25
Kopali		22.84	86.19	0	43
Kuju		23.73	85.51	0	21
Kānke	Kanke	23.43	85.32	0	18
Kāro	Karo	23.79	85.98	0	39
Kātrās	Katras	23.80	86.30	0	57
Lohārdagā	Lohardaga	23.43	84.68	0	57
Lātehār	Latehar	23.74	84.50	0	27
Madhupur		24.27	86.64	0	55
Mango		22.83	86.22	0	224
Medininagar		24.04	84.07	0	78
Mushābani	Mushabani	22.51	86.46	0	33
Noāmundi	Noamundi	22.16	85.50	0	18
Phusro		23.76	86.01	0	186
Pāthardih	Pathardih	23.67	86.43	0	45
Ranchi		23.34	85.31	0	1120
Rāmgarh	Ramgarh	23.63	85.52	0	89
Rātu	Ratu	23.42	85.21	0	22
Sarjamda		22.75	86.23	0	24
Sijua		23.78	86.33	0	32
Simdega		22.62	84.50	0	43
Sirka		23.65	85.43	0	20
Sāhibganj	Sahibganj	25.24	87.63	0	96
Sāram	Saram	23.76	85.83	0	15
#r	Karnataka
Afzalpur		17.20	76.36	0	27
Aland		17.56	76.57	0	42
Alnāvar	Alnavar	15.43	74.74	0	17
Amīngarh	Amingarh	16.06	75.95	0	15
Anekal		12.71	77.70	0	44
Ankola		14.66	74.30	0	22
Annigeri		15.43	75.43	0	28
Arkalgūd	Arkalgud	12.76	76.06	0	17
Arsikere		13.31	76.26	0	53
Athani		16.73	75.06	0	48
Aurād	Aurad	18.25	77.42	0	20
Bagalkot		16.19	75.70	0	112
Bail-Hongal		15.81	74.86	0	49
Ballari		15.14	76.92	0	410
Bangarapet		12.99	78.18	0	45
Bankāpur	Bankapur	14.92	75.26	0	23
Bannūr	Bannur	12.33	76.86	0	25
Bantvāl	Bantval	12.89	75.03	0	40
Basavakalyan		17.87	76.95	0	70
Basavana Bāgevādi	Basavana Bagevadi	16.57	75.97	0	33
Belagavi		15.85	74.50	0	490
Belūr	Belur	13.17	75.87	0	22
Bengaluru		12.97	77.59	0	8495
Bhadrāvati	Bhadravati	13.85	75.71	0	164
Bhatkal		13.99	74.56	0	32
Bhālki	Bhalki	18.04	77.21	0	40
Bidar		17.91	77.52	0	216
Bilgi		16.35	75.62	0	18
Birūr	Birur	13.60	75.97	0	23
Bommasandra Industrial Area		12.82	77.68	0	15
Byndoor		13.87	74.63	0	20
Byādgi	Byadgi	14.67	75.49	0	30
Bādāmi	Badami	15.91	75.68	0	31
Bāgepalli	Bagepalli	13.78	77.80	0	27
Challakere		14.32	76.65	0	55
Chamrajnagar		11.92	76.94	0	70
Channagiri		14.02	75.93	0	21
Channapatna		12.65	77.21	0	72
Channarāyapatna	Channarayapatna	12.91	76.39	0	40
Chik Ballāpur	Chik Ballapur	13.44	77.73	0	64
Chikmagalūr	Chikmagalur	13.32	75.77	0	121
Chiknāyakanhalli	Chiknayakanhalli	13.42	76.62	0	24
Chikodi		16.43	74.59	0	38
Chincholi		17.47	77.42	0	21
Chintamani		13.40	78.05	0	76
Chitaguppa		17.70	77.22	0	25
Chitradurga		14.22	76.40	0	146
Chītāpur	Chitapur	17.12	77.08	0	31
Closepet		12.72	77.28	0	95
Dandeli		15.27	74.62	0	52
Davangere		14.47	75.93	0	435
Devanahalli		13.25	77.71	0	28
Doddaballapura		13.29	77.54	0	93
French Rocks		12.50	76.67	0	20
Gadag		15.43	75.63	0	173
Gadag-Betageri		15.42	75.62	0	173
Gajendragarh		15.74	75.97	0	32
Gangavati		15.43	76.53	0	115
Gangolli		13.65	74.67	0	15
Gauribidanur		13.61	77.52	0	38
Gokak		16.17	74.82	0	79
Gokarna		14.55	74.32	0	26
Gubbi		13.31	76.94	0	18
Guledagudda		16.05	75.79	0	34
Gundlupēt	Gundlupet	11.81	76.69	0	28
Gurmatkāl	Gurmatkal	16.87	77.39	0	21
Hadagalli		15.02	75.93	0	28
Haliyal		15.33	74.76	0	24
Harihar		14.51	75.81	0	83
Harpanahalli		14.79	75.99	0	47
Hassan		13.01	76.10	0	155
Hebbagodi		12.83	77.68	0	35
Hinakallu		12.33	76.60	0	23
Hirekerūr	Hirekerur	14.46	75.40	0	19
Hiriyūr	Hiriyur	13.94	76.62	0	56
Holalkere		14.04	76.18	0	16
Holenarasipura		12.79	76.24	0	30
Homnābād	Homnabad	17.77	77.13	0	44
Honnavar		14.28	74.44	0	19
Honnāli	Honnali	14.24	75.65	0	18
Hosadurga		13.80	76.28	0	28
Hosapete		15.27	76.39	0	206
Hoskote		13.07	77.80	0	57
Hubballi		15.35	75.13	0	944
Hukeri		16.23	74.60	0	23
Hungund		16.06	76.06	0	21
Hunsūr	Hunsur	12.30	76.29	0	51
Hutagalli		12.34	76.59	0	18
Hāngal	Hangal	14.76	75.12	0	28
Hāveri	Haveri	14.79	75.40	0	67
Ilkal		15.96	76.11	0	60
Indi		17.18	75.95	0	38
Jagalūr	Jagalur	14.52	76.34	0	17
Jamkhandi		16.50	75.29	0	69
Jevargi		17.01	76.77	0	26
Jigani		12.79	77.64	0	17
Kadūr	Kadur	13.55	76.01	0	34
Kalaburagi		17.34	76.84	0	543
Kalghatgi		15.18	74.97	0	17
Kamalāpuram	Kamalapuram	15.30	76.48	0	26
Kamatgi		16.08	75.81	0	16
Kampli		15.41	76.60	0	39
Kanakapura		12.55	77.42	0	54
Karwar		14.81	74.13	0	77
Kerūr	Kerur	16.01	75.55	0	20
Khānāpur	Khanapur	15.64	74.51	0	19
Kollegāl	Kollegal	12.15	77.11	0	57
Kolār	Kolar	13.14	78.13	0	138
Konnūr	Konnur	16.20	74.75	0	19
Koppal		15.35	76.15	0	71
Koratagere		13.52	77.24	0	15
Kottūru	Kotturu	14.82	76.22	0	26
Krishnarājpet	Krishnarajpet	12.67	76.49	0	26
Kudachi		16.63	74.85	0	23
Kumta		14.43	74.42	0	37
Kundapura		13.63	74.69	0	30
Kundgol		15.26	75.25	0	19
Kunigal		13.02	77.03	0	34
Kushtagi		15.76	76.19	0	25
Kushālnagar	Kushalnagar	12.46	75.96	0	15
Kārkala	Karkala	13.21	74.99	0	26
Kōtekāra	Kotekara	12.79	74.87	0	17
Kūdligi	Kudligi	14.90	76.39	0	27
Lakshmeshwar		15.13	75.47	0	37
Lingsugūr	Lingsugur	16.16	76.52	0	35
Maddūr	Maddur	12.58	77.04	0	29
Madhugiri		13.66	77.21	0	29
Madikeri		12.43	75.74	0	34
Mahālingpur	Mahalingpur	16.39	75.11	0	36
Malavalli		12.39	77.06	0	38
Malpe		13.35	74.70	0	23
Mandya		12.52	76.90	0	137
Mangaluru		12.92	74.86	0	499
Manipal		13.35	74.78	0	34
Muddebihāl	Muddebihal	16.34	76.13	0	34
Mudgal		16.01	76.44	0	23
Mudhol		16.33	75.28	0	52
Mulbāgal	Mulbagal	13.16	78.39	0	57
Mulgund		15.28	75.52	0	19
Mundargi		15.21	75.88	0	25
Mundgod		14.97	75.04	0	19
Murudeshwara		14.09	74.48	0	18
Mysuru		12.30	76.64	0	921
Māchai	Machai	15.79	74.48	0	18
Māgadi	Magadi	12.96	77.22	0	28
Mālūr	Malur	13.00	77.94	0	40
Mānvi	Manvi	15.99	77.05	0	46
Mūdbidri	Mudbidri	13.07	75.00	0	31
Mūlki	Mulki	13.09	74.79	0	17
Nanjangūd	Nanjangud	12.12	76.68	0	51
Naregal		15.57	75.81	0	17
Nargund		15.72	75.39	0	36
Navalgund		15.56	75.35	0	25
Nelamangala		13.10	77.39	0	37
Nāgamangala	Nagamangala	12.82	76.75	0	18
Piranvādi	Piranvadi	15.80	74.48	0	18
Piriyāpatna	Piriyapatna	12.33	76.10	0	17
Puttūr	Puttur	12.76	75.20	0	53
Pāvugada	Pavugada	14.10	77.28	0	32
Rabkavi		16.48	75.11	0	74
Rabkavi-Banhatti		16.47	75.12	0	77
Ranebennur		14.62	75.63	0	106
Raybag		16.49	74.77	0	19
Robertsonpet		12.96	78.28	0	162
Ron		15.70	75.73	0	23
Rāichūr	Raichur	16.21	77.36	0	234
Sadalgi		16.56	74.53	0	24
Sakleshpur		12.94	75.78	0	25
Saligram		13.50	74.71	0	15
Sandūr	Sandur	15.09	76.55	0	37
Sankeshwar		16.26	74.48	0	35
Satyāmangala	Satyamangala	13.02	76.12	0	18
Saundatti		15.77	75.12	0	41
Savanūr	Savanur	14.97	75.34	0	41
Sedam		17.18	77.29	0	39
Shiggaon		14.99	75.22	0	28
Shikaripura		14.27	75.36	0	36
Shirhatti		15.23	75.58	0	18
Shivamogga		13.93	75.57	0	323
Shorāpur	Shorapur	16.52	76.76	0	51
Shrīrangapattana	Shrirangapattana	12.42	76.68	0	25
Shāhpur	Shahpur	16.70	76.84	0	53
Shāhābād	Shahabad	17.13	76.94	0	53
Sidlaghatta		13.39	77.86	0	51
Sindgi		16.92	76.23	0	37
Sindhnūr	Sindhnur	15.77	76.76	0	76
Sirsi		14.62	74.84	0	63
Siruguppa		15.63	76.89	0	52
Someshwar		13.49	75.07	0	22
Srīnivāspur	Srinivaspur	13.34	78.21	0	27
Sullya		12.56	75.39	0	20
Sāgar	Sagar	14.16	75.03	0	55
Sīra	Sira	13.74	76.90	0	58
Sōmēshvara	Someshvara	12.80	74.86	0	24
Tarikere		13.71	75.81	0	38
Tekkalakote		15.53	76.88	0	26
Terdāl	Terdal	16.49	75.05	0	26
Tiptūr	Tiptur	13.26	76.48	0	61
Tumkūr	Tumkur	13.34	77.10	0	307
Tālīkota	Talikota	16.47	76.31	0	32
Tīrthahalli	Tirthahalli	13.69	75.25	0	15
Udupi		13.33	74.75	0	165
Ullal		12.81	74.86	0	59
Vijayapura		16.82	75.72	0	327
Vijayapura		13.30	77.80	0	35
Virajpet		12.20	75.81	0	17
Vittal		12.76	75.10	0	18
Wādi	Wadi	17.05	76.99	0	38
Yadgir		16.77	77.14	0	74
Yelahanka		13.10	77.60	0	116
Yellāpur	Yellapur	14.96	74.71	0	20
#r	Kashmir
Achhībal	Achhibal	33.68	75.22	0	18
Akhnūr	Akhnur	32.90	74.73	0	21
Anantnag		33.73	75.15	0	151
Badgām	Badgam	34.02	74.72	0	15
Badāmibāgh	Badamibagh	34.07	74.85	0	22
Bandipura		34.42	74.64	0	37
Bijbehara		33.79	75.11	0	25
Brāhmanān di Bāri	Brahmanan di Bari	32.64	74.91	0	15
Bāramūla	Baramula	34.21	74.34	0	77
Doda		33.15	75.55	0	22
Dooru Verinag		33.56	75.23	0	23
Ganderbal		34.23	74.77	0	28
Jammu		32.74	74.86	0	576
Jammu Cantonment		32.70	74.86	0	28
Kargil		34.56	76.13	0	16
Kathua		32.37	75.53	0	60
Kishtwār	Kishtwar	33.31	75.77	0	21
Kulgam		33.64	75.02	0	24
Leh		34.17	77.58	0	37
Padam		33.47	76.88	0	25
Pattan		34.16	74.56	0	20
Pulwama		33.87	74.90	0	20
Pāmpur	Pampur	34.02	74.92	0	22
Pūnch	Punch	33.77	74.09	0	28
R.S. Pora		32.61	74.73	0	15
Raipur Domana		32.80	74.78	0	20
Rajaori		33.38	74.31	0	29
Shopian		33.72	74.83	0	16
Sopur		34.29	74.47	0	71
Soyībug	Soyibug	34.08	74.71	0	104
Srinagar		34.09	74.81	0	1206
Sumbal		34.23	74.65	0	15
Sāmba	Samba	32.56	75.12	0	27
Trāl	Tral	33.93	75.12	0	18
Udhampur		32.92	75.14	0	84
#r	Kerala
Abdu Rahiman Nagar		11.07	75.94	0	42
Adichānallūr	Adichanallur	8.88	76.72	0	27
Adūr	Adur	9.16	76.73	0	30
Ajānūr	Ajanur	12.34	75.09	0	33
Alangad		10.10	76.29	0	47
Alappuzha		9.49	76.33	0	241
Alengād	Alengad	10.12	76.30	0	47
Aluva		10.11	76.35	0	24
Alwaye		10.11	76.35	0	24
Amballūr	Amballur	10.43	76.26	0	29
Ambikāpuram	Ambikapuram	10.79	76.65	0	29
Ancharakandy		11.88	75.49	0	23
Angamāli	Angamali	10.19	76.39	0	34
Ariyallur		11.08	75.85	0	23
Aroor		9.87	76.30	0	39
Arukutti		9.87	76.35	0	18
Athiyannur		8.39	77.06	0	41
Atholi		11.39	75.76	0	28
Attingal		8.70	76.82	0	37
Ayanavelikulangara Vadakku		9.04	76.52	0	24
Aymanam		9.61	76.50	0	34
Azhikkōd	Azhikkod	11.92	75.34	0	25
Azhiyūr	Azhiyur	11.69	75.56	0	30
Azhoor		8.64	76.80	0	27
Badagara		11.60	75.58	0	76
Balussheri		11.45	75.83	0	27
Beypore		11.17	75.81	0	71
Bharanikāvu Tekku	Bharanikavu Tekku	9.18	76.56	0	16
Changanācheri	Changanacheri	9.44	76.54	0	51
Chavara		8.97	76.54	0	43
Chekkiād	Chekkiad	11.72	75.64	0	24
Chelamartam		10.14	76.46	0	17
Chelambra		11.15	75.87	0	34
Chelora		11.89	75.44	0	21
Chendamangalam		10.16	76.23	0	29
Chendrappini		10.36	76.13	0	16
Chengala		12.50	75.05	0	16
Chengalam		9.60	76.47	0	16
Chengamanād	Chengamanad	10.15	76.34	0	30
Chengannūr	Chengannur	9.32	76.62	0	25
Cheppad		9.23	76.47	0	20
Cheranellūr	Cheranellur	10.05	76.29	0	31
Cheriyamundam		10.95	75.96	0	31
Cherpulassery		10.88	76.31	0	30
Cherthala		9.68	76.34	0	46
Cherukavu		11.17	75.91	0	30
Cherukunnu		12.00	75.29	0	16
Cheruthazham		12.08	75.26	0	29
Cheruvannur		11.19	75.83	0	62
Chetwayi		10.53	76.05	0	38
Chevvoor		10.46	76.21	0	16
Chirakkal		11.91	75.36	0	46
Chittūr	Chittur	10.70	76.75	0	32
Chockli		11.73	75.56	0	34
Choornikkara		10.09	76.34	0	43
Chālakilakākara	Chalakilakakara	11.85	75.44	0	17
Chēmanchēri	Chemancheri	11.40	75.72	0	35
Chōrōd	Chorod	11.63	75.59	0	38
Dharmadam		11.78	75.46	0	31
Edacchēri	Edaccheri	11.68	75.62	0	27
Edakkazhiyūr	Edakkazhiyur	10.62	76.00	0	17
Edappāl	Edappal	10.78	76.01	0	33
Edattala		10.06	76.38	0	78
Edavai		8.76	76.69	0	26
Edavilangu		10.24	76.17	0	20
Elamkunnapuzha		10.03	76.22	0	27
Elampalloor		8.96	76.67	0	34
Elayavur		11.89	75.41	0	34
Elūr	Elur	10.07	76.28	0	31
Erannoli		11.77	75.52	0	26
Eravattūr	Eravattur	11.58	75.74	0	17
Eruvatti		11.81	75.53	0	17
Erāmala	Eramala	11.69	75.59	0	35
Erāttupetta	Erattupetta	9.69	76.78	0	35
Ettumanoor		9.67	76.57	0	27
Ettumānūr	Ettumanur	9.67	76.56	0	40
Ezhome		12.03	75.28	0	19
Ezhupunna		9.82	76.30	0	28
Ferokh		11.18	75.84	0	32
Guruvāyūr	Guruvayur	10.59	76.04	0	21
Haripād	Haripad	9.28	76.46	0	16
Icchannūr	Icchannur	11.36	75.78	0	41
Iramallūr	Iramallur	10.06	76.57	0	34
Iringal		11.56	75.62	0	26
Irinjālakuda	Irinjalakuda	10.34	76.21	0	29
Irivēri	Iriveri	11.86	75.47	0	17
Iroopara		8.61	76.91	0	23
Kadachira		11.84	75.45	0	19
Kadakkavoor		8.68	76.77	0	25
Kadamakudi		10.06	76.25	0	16
Kadikkād	Kadikkad	10.67	75.98	0	19
Kadungalūr	Kadungalur	10.09	76.32	0	40
Kaipamangalam		10.33	76.14	0	36
Kakkanad		10.02	76.34	0	26
Kakkodi		11.32	75.80	0	43
Kalamassery		10.06	76.33	0	71
Kalavoor		9.57	76.33	0	30
Kalleribhāgam	Kalleribhagam	9.05	76.56	0	22
Kalliyasshēri	Kalliyassheri	11.98	75.36	0	31
Kalliyoor		8.43	77.01	0	41
Kallūr Tekkumuri	Kallur Tekkumuri	10.24	76.32	0	17
Kallūr Vadakummuri	Kallur Vadakummuri	10.25	76.33	0	25
Kalpatta		11.61	76.08	0	32
Kanayannur		9.97	76.27	0	851
Kandalloor		9.18	76.47	0	20
Kandamkunnu		11.87	75.58	0	16
Kanhangad		12.31	75.11	0	126
Kanhirode		11.92	75.46	0	15
Kanjiramkulam		8.36	77.05	0	20
Kannamangalam		11.08	75.99	0	41
Kannapuram		11.98	75.30	0	18
Kannur		11.87	75.36	0	63
Karamuck		10.48	76.10	0	15
Karthikappally		9.26	76.45	0	19
Karumālūr	Karumalur	10.13	76.28	0	30
Karungappalli		9.10	76.54	0	25
Karuva		8.95	76.60	0	25
Karuvanthuruthy		11.17	75.82	0	22
Katirur		11.78	75.53	0	31
Kattanam		9.18	76.56	0	20
Kattur		10.37	76.17	0	18
Kayamkulam		9.18	76.50	0	69
Keevallur		11.90	75.53	0	20
Kidarakulam		8.57	76.99	0	30
Killannur		10.60	76.22	0	20
Kizhake Chālakudi	Kizhake Chalakudi	10.30	76.34	0	50
Kizhariyūr	Kizhariyur	11.50	75.68	0	15
Kizhuparamba		11.25	76.02	0	22
Kizhuvalam-Koonthalloor		8.66	76.81	0	31
Kochi		9.94	76.26	0	634
Kodamthuruth		9.80	76.30	0	21
Kodungallūr	Kodungallur	10.23	76.20	0	60
Kodur		11.02	76.07	0	45
Koduvayur		10.69	76.66	0	21
Koipādi	Koipadi	12.59	74.96	0	18
Kokōtamangalam South	Kokotamangalam South	9.68	76.36	0	17
Kolaccheri		11.98	75.42	0	17
Kolavallúr	Kolavallur	11.75	75.62	0	20
Kollam		8.88	76.58	0	367
Komalapuram		9.54	76.34	0	47
Kondotty		11.14	75.97	0	29
Koovappady		10.16	76.49	0	29
Koratti		10.27	76.35	0	18
Kotamangalam		10.06	76.63	0	39
Kottangara		8.92	76.65	0	44
Kottappally		11.61	75.66	0	21
Kottayam		9.59	76.52	0	55
Kottuvalli		10.11	76.25	0	43
Koyilandy		11.44	75.69	0	72
Kozhikode		11.25	75.78	0	550
Krishnāpuram	Krishnapuram	9.15	76.52	0	27
Kudali		11.92	75.47	0	15
Kudappanakkunnu		8.55	76.96	0	42
Kulasēkarapuram	Kulasekarapuram	9.09	76.53	0	27
Kulathummal		8.51	77.08	0	40
Kumbalam		9.91	76.31	0	29
Kumbalangy		9.88	76.28	0	42
Kumārapuram	Kumarapuram	9.27	76.43	0	27
Kunnamangalam		11.30	75.88	0	47
Kunnamkulam		10.65	76.07	0	64
Kunnatnād	Kunnatnad	10.04	76.42	0	23
Kunnimangalam		12.07	75.24	0	19
Kunnummal		11.68	75.71	0	18
Kurumathur		12.04	75.41	0	19
Kuruvattūr	Kuruvattur	11.34	75.84	0	34
Kutiatodu		9.80	76.33	0	24
Kuttampuzha		10.15	76.74	0	25
Kuttikkāttūr	Kuttikkattur	11.26	75.88	0	26
Kuttippuram		10.84	76.03	0	26
Kuttuparamba		11.83	75.57	0	30
Kāladi	Kaladi	10.82	76.01	0	26
Kārakkād	Karakkad	10.59	76.04	0	39
Kāsaragod	Kasaragod	12.50	74.99	0	54
Kīlattingal	Kilattingal	8.69	76.79	0	15
Kōttakkal	Kottakkal	11.00	76.01	0	44
Kōttayam	Kottayam	11.83	75.55	0	19
Kūdlu	Kudlu	12.53	74.98	0	26
Mahē	Mahe	11.70	75.53	0	42
Malappuram		11.04	76.08	0	101
Malayinkeezhu		8.49	77.04	0	37
Manakunnam		9.89	76.37	0	40
Manalur		10.49	76.10	0	18
Mangattidam		11.84	75.54	0	19
Manjeri		11.12	76.12	0	97
Mannanchōri	Mannanchori	9.57	76.35	0	32
Mannārakkāt	Mannarakkat	10.99	76.46	0	51
Maradu		9.94	76.32	0	45
Marampilly		10.11	76.44	0	23
Marattakara		10.47	76.26	0	16
Martūru	Marturu	10.17	76.43	0	19
Marutharōd	Marutharod	10.78	76.70	0	25
Mattanur		11.93	75.57	0	47
Mavoor		11.27	75.92	0	30
Mayyanād	Mayyanad	8.84	76.65	0	40
Mennānyam	Mennanyam	11.56	75.76	0	16
Mokēri	Mokeri	11.78	75.57	0	20
Moonniyur		11.06	75.90	0	56
Moothakunnam		10.19	76.20	0	27
Muhamma		9.61	76.36	0	26
Mulamthuruthy		9.90	76.39	0	26
Mulavukad		10.01	76.26	0	22
Muluppilagadu		11.80	75.45	0	24
Munderi		11.93	75.45	0	22
Munnar		10.09	77.06	0	68
Muthukulam		9.22	76.46	0	21
Muthutala		10.84	76.16	0	25
Muvattupuzha		9.98	76.57	0	30
Mādāyi	Madayi	12.03	75.24	0	36
Māniyūr	Maniyur	11.55	75.65	0	22
Māranchēri	Marancheri	10.74	75.97	0	35
Māvelikara	Mavelikara	9.26	76.56	0	28
Mēppādam	Meppadam	9.32	76.49	0	17
Mīnād	Minad	8.85	76.70	0	30
Mūvattupula	Muvattupula	9.98	76.58	0	30
Naduvannūr	Naduvannur	11.49	75.78	0	26
Naduvattam		10.88	76.00	0	21
Namminikara		10.43	76.25	0	18
Nanminda		11.42	75.82	0	27
Nannambra		10.99	75.91	0	41
Narakal		10.04	76.22	0	24
Nattakam		9.55	76.51	0	39
Nedumangād	Nedumangad	8.60	77.00	0	60
Nedumbassery		10.16	76.40	0	30
Nedumpana		8.91	76.69	0	29
Neduva		11.06	75.87	0	36
Neyyāttinkara	Neyyattinkara	8.40	77.09	0	88
Nādāpuram	Nadapuram	11.68	75.65	0	40
Nīlēshwar	Nileshwar	12.26	75.14	0	25
Ochira		9.13	76.51	0	28
Olavanna		11.22	75.83	0	44
Ongallur-I		10.80	76.22	0	17
Ongallur-II		10.79	76.22	0	26
Othukkungal		11.03	76.03	0	39
Ottapalam		10.77	76.38	0	54
Paippad		9.42	76.58	0	21
Palai		9.71	76.68	0	22
Palakkad		10.77	76.65	0	133
Palayad		11.55	75.63	0	18
Pallichal		8.45	77.03	0	54
Pallikal		11.14	75.93	0	47
Pallikunnu		11.89	75.36	0	28
Pallipuram		9.76	76.36	0	28
Panachikkad		9.53	76.54	0	44
Panangad		10.27	76.17	0	16
Panayāttur Vadakkumbhāgam	Panayattur Vadakkumbhagam	8.95	76.62	0	26
Panniyannūr	Panniyannur	11.75	75.58	0	22
Panoor		11.76	75.58	0	17
Pantheeramkavu		11.23	75.85	0	25
Pappinivattom		10.29	76.16	0	15
Parappur		11.01	75.99	0	36
Paravūr Tekkumbhāgam	Paravur Tekkumbhagam	8.79	76.67	0	39
Pariyāpuram	Pariyapuram	11.02	75.87	0	23
Pariyāram	Pariyaram	12.06	75.32	0	20
Parūr	Parur	10.15	76.23	0	32
Pathanāmthitta	Pathanamthitta	9.27	76.78	0	38
Pathirappally		9.54	76.32	0	27
Patiriyat		11.85	75.51	0	18
Pattiyūrgrāmam	Pattiyurgramam	9.18	76.50	0	23
Pattāmbi	Pattambi	10.80	76.18	0	29
Patuvilāyi	Patuvilayi	11.87	75.52	0	21
Payyanur		12.09	75.20	0	72
Peralassery		11.83	75.48	0	17
Peringathur		11.71	75.59	0	40
Peringottupulam		11.03	76.10	0	37
Perinjanam		10.31	76.15	0	21
Perintalmanna		10.98	76.23	0	50
Perumanna		11.25	75.89	0	35
Perumbaikad		9.62	76.53	0	43
Perumbavoor		10.11	76.47	0	28
Perumpāvūr	Perumpavur	10.12	76.48	0	27
Perunād	Perunad	8.95	76.64	0	35
Peruvallur		11.10	75.93	0	35
Pinarāyi	Pinarayi	11.80	75.48	0	17
Piravam		9.87	76.50	0	28
Pirāyiri	Pirayiri	10.77	76.63	0	41
Ponmana		9.01	76.52	0	29
Ponmundam		10.95	75.95	0	26
Ponnāni	Ponnani	10.77	75.93	0	106
Porathissery		10.38	76.20	0	17
Pudunagaram		10.68	76.68	0	18
Pudusseri		10.76	76.79	0	17
Pudussery West		10.79	76.73	0	20
Punalūr	Punalur	9.02	76.92	0	47
Punnayūr	Punnayur	10.65	76.00	0	19
Puthencruz		9.98	76.41	0	22
Puthenvelikara		10.19	76.25	0	33
Puthuppally		9.56	76.57	0	30
Puthuppariyāram	Puthuppariyaram	10.81	76.63	0	31
Puthūr	Puthur	10.49	76.28	0	17
Puttankulam		8.81	76.72	0	29
Puzhathi		11.90	75.39	0	35
Pāppinisshēri	Pappinissheri	11.96	75.34	0	35
Pāttyam	Pattyam	11.79	75.56	0	20
Pūlakkōd	Pulakkod	11.31	75.95	0	30
Pūvātūparamba	Puvatuparamba	11.27	75.89	0	28
Ramanattukara		11.18	75.87	0	36
Shertallai		9.69	76.34	0	45
Shōranūr	Shoranur	10.76	76.27	0	44
Sreekaryam		8.55	76.92	0	24
Srīkandamangalam	Srikandamangalam	9.66	76.36	0	24
Talakkolattur		11.35	75.76	0	29
Talakkād	Talakkad	10.88	75.93	0	36
Talattala		8.87	76.67	0	38
Talikkulam		10.44	76.09	0	26
Taliparamba		12.04	75.36	0	72
Tellicherry		11.75	75.49	0	97
Tennala		10.99	75.94	0	57
Thaikkattussery		9.77	76.34	0	21
Thanneermukkom		9.66	76.38	0	32
Thazhecode		11.32	75.98	0	25
Thekkumkara		10.28	76.21	0	15
Thenhippalam		11.13	75.88	0	32
Thirunavaya		10.87	75.99	0	25
Thiruvananthapuram		8.49	76.95	0	788
Thiruvankulam		9.95	76.37	0	23
Thodiyoor		9.08	76.58	0	26
Thottada		11.84	75.42	0	41
Thrissur		10.52	76.22	0	316
Tikkotti		11.48	75.62	0	27
Tirkadavūr	Tirkadavur	8.92	76.59	0	39
Tirur		10.91	75.92	0	56
Tiruvalla		9.38	76.57	0	57
Tirūrangādi	Tirurangadi	11.04	75.92	0	57
Trikarpūr North	Trikarpur North	12.15	75.17	0	18
Trikarpūr South	Trikarpur South	12.12	75.19	0	23
Trikonavattam		8.89	76.67	0	42
Triprangod		10.84	75.95	0	41
Tripunittura		9.94	76.33	0	69
Tānālūr	Tanalur	10.95	75.91	0	48
Tūnēri	Tuneri	11.70	75.63	0	23
Uliyazhathura		8.58	76.92	0	28
Ulliyeri		11.45	75.77	0	33
Urakam		11.05	75.99	0	29
Vadakakarai		10.17	76.20	0	21
Vadakkēkkād	Vadakkekkad	10.66	76.00	0	16
Vadakāncheri	Vadakancheri	10.66	76.25	0	16
Vadanappally		10.47	76.08	0	31
Vaikam		9.75	76.40	0	23
Vakkam		8.68	76.77	0	19
Varam		11.90	75.41	0	17
Varappuzha		10.08	76.27	0	27
Varkala		8.73	76.72	0	43
Vattiyūrkāvu	Vattiyurkavu	8.52	76.99	0	47
Vayalār	Vayalar	9.71	76.34	0	25
Vazhakkala		10.01	76.33	0	51
Vazhayur		11.22	75.90	0	37
Vellūr	Vellur	8.63	76.83	0	23
Venganoor		8.40	77.00	0	36
Vengara		11.05	75.98	0	49
Vengola Kizhakkumbāgam	Vengola Kizhakkumbagam	10.06	76.48	0	33
Vettanād	Vettanad	8.61	76.94	0	27
Vettūr	Vettur	8.72	76.73	0	37
Vijayapuram		9.59	76.56	0	29
Vilappil		8.52	77.04	0	36
Vilavoorkkal		8.48	77.02	0	32
Villiappally		11.62	75.63	0	35
Vypīn	Vypin	9.97	76.25	0	24
Vāniyamkulam	Vaniyamkulam	10.78	76.33	0	16
Vāzhakulam	Vazhakulam	10.09	76.42	0	18
Ādanāttutekkumuri Kizhakku	Adanattutekkumuri Kizhakku	9.08	76.51	0	22
Ālankōd	Alankod	10.75	76.03	0	34
Āyanchēri	Ayancheri	11.63	75.67	0	26
#r	Madhya Pradesh
Agar		23.71	76.02	0	38
Ajaigarh		24.90	80.26	0	17
Alirajpur		22.30	74.36	0	28
Alot		23.76	75.56	0	24
Amarpātan	Amarpatan	24.31	80.98	0	19
Ambāh	Ambah	26.70	78.23	0	47
Amla		21.92	78.13	0	30
Amlai		23.20	81.58	0	30
Anjad		22.04	75.06	0	26
Anūppur	Anuppur	23.10	81.69	0	20
Ashoknagar		24.58	77.73	0	82
Ashta		23.02	76.72	0	53
Badnāwar	Badnawar	23.02	75.23	0	21
Baihar		22.10	80.55	0	17
Banda		24.04	78.96	0	31
Bargi		22.99	79.88	0	18
Barwāh	Barwah	22.25	76.04	0	26
Barwāni	Barwani	22.03	74.90	0	56
Basoda		23.85	77.94	0	78
Begamganj		23.60	78.34	0	34
Beohāri	Beohari	24.02	81.38	0	25
Berasia		23.63	77.43	0	31
Betma		22.69	75.61	0	16
Betūl	Betul	21.90	77.90	0	103
Bhainsdehi		21.64	77.63	0	16
Bhawāni Mandi	Bhawani Mandi	24.42	75.84	0	42
Bhikangaon		21.87	75.96	0	16
Bhind		26.57	78.79	0	198
Bhitarwār	Bhitarwar	25.79	78.11	0	19
Bhopal		23.25	77.40	0	1798
Bhānder	Bhander	25.74	78.75	0	25
Bhānpura	Bhanpura	24.51	75.75	0	21
Biaora		23.92	76.91	0	49
Bijāwar	Bijawar	24.62	79.49	0	21
Budhni		22.79	77.68	0	17
Burhar		23.21	81.53	0	19
Burhānpur	Burhanpur	21.31	76.23	0	211
Bābai	Babai	22.70	77.93	0	17
Bālāghāt	Balaghat	21.82	80.19	0	84
Bāmaur	Bamaur	26.34	78.10	0	33
Bāmor Kalān	Bamor Kalan	24.89	78.15	0	28
Bāngarda	Bangarda	22.76	75.80	0	16
Bāngarda Chhota	Bangarda Chhota	22.74	75.81	0	64
Bānk	Bank	22.70	75.80	0	19
Bīna	Bina	24.17	78.19	0	65
Chanderi		24.71	78.14	0	33
Chandia		23.66	80.71	0	16
Chhatarpur		24.92	79.59	0	142
Chhindwāra	Chhindwara	22.06	78.94	0	175
Chāndāmeta	Chandameta	22.19	78.73	0	16
Daboh		26.00	78.88	0	18
Dabra		25.89	78.33	0	61
Damoh		23.83	79.44	0	140
Damua		22.19	78.47	0	25
Datia		25.67	78.46	0	100
Deori Khās	Deori Khas	23.39	79.02	0	26
Depālpur	Depalpur	22.85	75.54	0	17
Dewas		22.97	76.06	0	290
Dhanpuri		23.19	81.56	0	45
Dharampuri		22.15	75.34	0	16
Dhāmnod	Dhamnod	22.21	75.47	0	32
Dhār	Dhar	22.59	75.30	0	94
Dindori		22.94	81.08	0	21
Etāwa	Etawa	24.18	78.20	0	55
Garhākota	Garhakota	23.78	79.14	0	33
Gaurela		22.75	81.90	0	18
Gohad		26.43	78.44	0	59
Guna		24.65	77.31	0	181
Gwalior		26.23	78.17	0	1054
Gādarwāra	Gadarwara	22.92	78.78	0	48
Harda		22.34	77.10	0	74
Harpālpur	Harpalpur	25.29	79.33	0	19
Harsūd	Harsud	22.10	76.73	0	17
Hatta		24.13	79.60	0	32
Hindoria		23.90	79.57	0	16
Ichhāwar	Ichhawar	23.03	77.02	0	15
Indore		22.72	75.83	0	1994
Itārsi	Itarsi	22.61	77.76	0	101
Jabalpur		23.17	79.95	0	1082
Jaora		23.64	75.13	0	75
Jatāra	Jatara	25.01	79.05	0	17
Jhābua	Jhabua	22.77	74.59	0	36
Jirapur		24.02	76.38	0	22
Jora		26.34	77.81	0	42
Jora Khurd		26.49	77.98	0	32
Jāmai	Jamai	22.20	78.59	0	23
Jāwad	Jawad	24.60	74.86	0	17
Kailāras	Kailaras	26.30	77.62	0	26
Kaimori		23.38	79.74	0	20
Kannod		22.67	76.74	0	18
Kareli		22.92	79.06	0	30
Karera		25.46	78.14	0	29
Kasrāwad	Kasrawad	22.13	75.61	0	23
Katangi		23.44	79.80	0	19
Katangi		21.77	79.81	0	15
Khajuraho Group of Monuments		24.85	79.93	0	26
Khamaria		23.23	79.88	0	15
Khandwa		21.82	76.35	0	201
Khargone		21.82	75.61	0	116
Khilchipur		24.04	76.58	0	19
Khirkiya		22.17	76.86	0	23
Khurai		24.04	78.33	0	51
Khāchrod	Khachrod	23.42	75.28	0	34
Khāpa	Khapa	21.42	78.98	0	15
Khātegaon	Khategaon	22.60	76.91	0	25
Kolar		23.16	77.42	0	88
Kolāras	Kolaras	25.22	77.61	0	20
Korwai		24.12	78.04	0	15
Kotma		23.20	81.98	0	32
Kukshi		22.21	74.76	0	28
Kumbhrāj	Kumbhraj	24.37	77.05	0	20
Kurwai		24.12	78.04	0	15
Lahār	Lahar	26.19	78.94	0	36
Lakhnādon	Lakhnadon	22.60	79.60	0	17
Lateri		24.06	77.41	0	19
Leteri		24.06	77.41	0	16
Maheshwar		22.18	75.59	0	24
Mahgawān	Mahgawan	26.49	78.62	0	21
Maihar		24.27	80.76	0	40
Makronia		23.85	78.80	0	24
Maksi		23.26	76.15	0	20
Mandideep		23.08	77.53	0	60
Mandlā	Mandla	22.60	80.37	0	55
Mandsaur		24.07	75.07	0	142
Manāsa	Manasa	24.48	75.14	0	27
Manāwar	Manawar	22.24	75.09	0	30
Mau		26.27	78.67	0	20
Mauganj		24.67	81.87	0	26
Mhow		22.56	75.77	0	82
Mihona		26.28	78.98	0	17
Morena		26.50	78.00	0	200
Morār	Morar	26.23	78.22	0	48
Multai		21.77	78.26	0	30
Mungaoli		24.41	78.10	0	26
Murwāra	Murwara	23.84	80.39	0	222
Nagda		23.46	75.42	0	104
Nainpur		22.43	80.11	0	25
Naraini		25.19	80.47	0	15
Narmadapuram		22.75	77.73	0	118
Narsimhapur		22.95	79.18	0	60
Narsinghgarh		23.71	77.09	0	32
Narwar		25.64	77.91	0	19
Nasrullāhganj	Nasrullahganj	22.68	77.27	0	24
Nepānagar	Nepanagar	21.45	76.39	0	33
Nowrozabad		23.35	80.98	0	22
Nāgod	Nagod	24.57	80.59	0	23
Pachor		23.71	76.73	0	27
Palera		25.02	79.23	0	17
Panna		24.72	80.19	0	59
Panth Pīplia	Panth Piplia	24.20	75.01	0	15
Panāgar	Panagar	23.29	80.00	0	28
Parāsia	Parasia	22.19	78.76	0	43
Pasan		23.16	81.93	0	28
Patharia		23.90	79.19	0	21
Petlāwad	Petlawad	23.01	74.80	0	15
Pithampur		22.60	75.70	0	126
Porsa		26.67	78.37	0	40
Punāsa	Punasa	22.24	76.39	0	350
Pālda	Palda	22.68	75.89	0	19
Pāli	Pali	23.36	81.04	0	22
Pāndhurnā	Pandhurna	21.60	78.53	0	45
Raisen		23.33	77.78	0	44
Rajpur		21.94	75.14	0	21
Rajākheri	Rajakheri	23.86	78.79	0	24
Ratlām	Ratlam	23.33	75.04	0	265
Rehli		23.64	79.06	0	30
Rewa		24.53	81.29	0	236
Rāghogarh	Raghogarh	24.44	77.20	0	64
Rāhatgarh	Rahatgarh	23.79	78.39	0	32
Rājgarh	Rajgarh	24.01	76.73	0	30
Rājgarh	Rajgarh	22.68	74.94	0	17
Rāmpura	Rampura	24.47	75.44	0	18
Rāvu	Ravu	22.64	75.81	0	36
Sabalgarh		26.25	77.41	0	40
Samthar		25.84	78.91	0	22
Sanāwad	Sanawad	22.17	76.07	0	39
Satna		24.58	80.83	0	283
Saugor		23.84	78.74	0	275
Sausar		21.66	78.80	0	27
Sehore		23.20	77.08	0	109
Sendhwa		21.69	75.10	0	56
Seondha		26.15	78.78	0	23
Seoni		22.09	79.55	0	102
Seoni Mālwa	Seoni Malwa	22.45	77.47	0	30
Shahdol		23.29	81.36	0	89
Sheopur		25.66	76.70	0	72
Shivpuri		25.42	77.66	0	180
Shujālpur	Shujalpur	23.41	76.71	0	51
Shāhgarh	Shahgarh	24.31	79.12	0	16
Shāhpur	Shahpur	21.24	76.23	0	20
Shājāpur	Shajapur	23.43	76.28	0	69
Shāmgarh	Shamgarh	24.19	75.64	0	25
Sidhi		24.40	81.88	0	54
Sihorā	Sihora	23.49	80.10	0	44
Singrauli		24.20	82.68	0	220
Sironj		24.10	77.69	0	52
Sohāgpur	Sohagpur	22.70	78.20	0	25
Susner		23.95	76.09	0	16
Sānwer	Sanwer	22.97	75.83	0	16
Sārangpur	Sarangpur	23.57	76.47	0	37
Tarāna	Tarana	23.33	76.04	0	25
Teonthar		24.98	81.64	0	17
Thandla		23.01	74.58	0	16
Timurni		22.37	77.23	0	22
Tīkamgarh	Tikamgarh	24.74	78.83	0	79
Ubaidullāhganj	Ubaidullahganj	23.00	77.59	0	23
Udaipura		23.07	78.51	0	18
Ujjain		23.18	75.78	0	515
Umaria		23.52	80.84	0	33
Unchahra		24.38	80.78	0	18
Unhel		23.34	75.56	0	16
Vidisha		23.53	77.81	0	156
Wārāseonī	Waraseoni	21.76	80.04	0	27
Āron	Aron	24.38	77.42	0	28
#r	Maharashtra
Achalpur		21.26	77.51	0	112
Ahilyanagar		19.09	74.74	0	367
Ahmadpur		18.71	76.94	0	44
Airoli		19.15	73.00	0	100
Ajara		16.12	74.21	0	17
Akalkot		17.53	76.21	0	40
Akola		20.71	77.00	0	429
Akot		21.10	77.06	0	93
Alandi		18.68	73.90	0	29
Alībāg	Alibag	18.65	72.88	0	21
Amalner		21.04	75.06	0	97
Ambad		19.61	75.79	0	32
Ambarnath		19.20	73.17	0	253
Ambājogāi	Ambajogai	18.73	76.39	0	74
Amravati		20.93	77.75	0	647
Anjangaon		21.17	77.31	0	56
Anshing		20.04	77.32	0	19
Ashta		16.95	74.41	0	37
Aurangabad		19.88	75.34	0	1175
Aurangabad Cantonment		19.88	75.29	0	18
Ausa		18.25	76.50	0	36
Badlapur		19.16	73.27	0	174
Ballarpur		19.85	79.35	0	92
Barshi		18.23	75.69	0	119
Basmat		19.33	77.16	0	69
Beed		18.99	75.76	0	147
Bhadgaon		20.67	75.23	0	37
Bhandāra	Bhandara	21.17	79.65	0	92
Bhayandar		19.30	72.85	0	809
Bhiwandi		19.30	73.06	0	874
Bhokardan		20.26	75.77	0	24
Bhoom		18.46	75.66	0	19
Bhor		18.15	73.84	0	19
Bhudgaon		16.91	74.60	0	16
Bhusawal		21.04	75.79	0	187
Boisar		19.80	72.76	0	36
Borgaon		20.72	78.60	0	20
Borivli		19.23	72.86	0	610
Buldāna	Buldana	20.53	76.18	0	67
Bālāpur	Balapur	20.67	76.77	0	45
Bārāmati	Baramati	18.15	74.58	0	54
Chalisgaon		20.46	75.02	0	98
Chanaje		18.86	72.95	0	17
Chicholi		21.47	79.70	0	19
Chicholi		21.27	79.12	0	18
Chikhli		20.35	76.26	0	58
Chiplūn	Chiplun	17.53	73.51	0	55
Chopda		21.25	75.30	0	73
Chākan	Chakan	18.76	73.86	0	41
Chānda	Chanda	19.95	79.30	0	328
Chāndor	Chandor	20.33	74.24	0	25
Chāndur	Chandur	19.73	79.17	0	27
Chāndūr	Chandur	20.81	77.98	0	20
Chāndūr Bāzār	Chandur Bazar	21.24	77.75	0	19
Daryāpur	Daryapur	20.92	77.33	0	36
Dattāpur	Dattapur	20.78	78.14	0	22
Daund		18.47	74.58	0	49
Deglur		18.55	77.58	0	54
Dehu Road		18.68	73.73	0	49
Deolali		19.47	74.62	0	31
Deoli		20.65	78.48	0	19
Deolāli	Deolali	19.94	73.83	0	54
Deūlgaon Rāja	Deulgaon Raja	20.02	76.04	0	31
Dharangaon		21.01	75.27	0	35
Dharashiv		18.18	76.04	0	112
Dharmābād	Dharmabad	18.89	77.85	0	34
Dhule		20.90	74.78	0	376
Dhārāvi	Dharavi	19.05	72.87	0	700
Dhārūr	Dharur	18.82	76.11	0	20
Digras		20.10	77.72	0	45
Dombivali		19.22	73.08	0	1247
Dondaicha		21.32	74.57	0	47
Durgāpur	Durgapur	20.01	79.30	0	19
Dyāne	Dyane	20.57	74.53	0	49
Dāhānu	Dahanu	19.97	72.71	0	50
Dāpoli	Dapoli	17.76	73.19	0	16
Dārwha	Darwha	20.31	77.77	0	26
Erandol		20.92	75.33	0	31
Faizpur		21.17	75.86	0	27
Gadhinglaj		16.22	74.35	0	27
Gangākher	Gangakher	18.97	76.75	0	50
Gangāpur	Gangapur	19.70	75.01	0	28
Gevrai		19.26	75.75	0	34
Ghoti Budrukh		19.72	73.63	0	25
Ghugus		19.94	79.11	0	33
Ghulewadi		19.60	74.19	0	22
Ghātanji	Ghatanji	20.14	78.31	0	21
Godoli		17.67	74.01	0	23
Gondiā	Gondia	21.46	80.19	0	133
Gorai		19.25	72.78	0	29
Hadgāon	Hadgaon	19.50	77.66	0	27
Hinganghāt	Hinganghat	20.55	78.84	0	102
Hingoli		19.71	77.14	0	85
Hudkeshwar Buzurg		21.08	79.13	0	24
Hupari		16.62	74.40	0	29
Ichalkaranji		16.69	74.46	0	287
Igatpuri		19.70	73.56	0	35
Indāpur	Indapur	18.30	73.25	0	27
Jaisingpur		16.78	74.55	0	49
Jalgaon		21.00	75.57	0	460
Jalgaon Jamod		21.05	76.53	0	28
Jalochi		18.16	74.61	0	19
Jintūr	Jintur	19.61	76.69	0	44
Junnar		19.21	73.88	0	26
Jālna	Jalna	19.84	75.89	0	286
Kabnur		16.70	74.44	0	38
Kaij		18.71	76.07	0	31
Kalamb		19.04	73.96	0	27
Kalamnūri	Kalamnuri	19.67	77.31	0	25
Kalher		19.25	73.02	0	16
Kalmeshwar		21.23	78.92	0	20
Kalyān	Kalyan	19.24	73.14	0	1262
Kandāri	Kandari	21.06	75.81	0	16
Kanhān	Kanhan	21.23	79.24	0	23
Kankauli		16.27	73.71	0	16
Kannad		20.26	75.14	0	42
Karjat		18.91	73.32	0	35
Karmāla	Karmala	18.41	75.19	0	23
Karād	Karad	17.29	74.18	0	56
Kasāra	Kasara	19.65	73.47	0	16
Khadki		18.56	73.85	0	76
Khaira		19.79	72.76	0	32
Kharakvasla		18.44	73.78	0	79
Kharghar		19.05	73.07	0	81
Khed		17.72	73.40	0	17
Khetia		21.67	74.59	0	16
Khoni		19.32	73.06	0	26
Khopoli		18.79	73.35	0	71
Khuldābād	Khuldabad	20.01	75.19	0	16
Khāmgaon	Khamgaon	20.71	76.57	0	95
Kinwat		19.63	78.20	0	28
Kodoli		16.88	74.19	0	18
Kodoli		17.67	74.03	0	26
Kolhāpur	Kolhapur	16.70	74.23	0	549
Kopargaon		19.88	74.48	0	65
Koregaon		18.65	74.06	0	26
Koregaon		17.70	74.16	0	25
Korochi		16.72	74.45	0	20
Koynanagar		17.40	73.77	0	28
Kudāl	Kudal	16.01	73.69	0	16
Kurandvād	Kurandvad	16.68	74.59	0	22
Kurduvādi	Kurduvadi	18.09	75.42	0	23
Kāgal	Kagal	16.58	74.32	0	34
Kāmthi	Kamthi	21.22	79.20	0	87
Kāranja	Karanja	20.48	77.49	0	68
Kātol	Katol	21.27	78.59	0	43
Latur		18.40	76.57	0	383
Lohāra	Lohara	20.39	78.09	0	23
Lonar		19.99	76.52	0	23
Lonavla		18.75	73.41	0	59
Lāsalgaon	Lasalgaon	20.14	74.24	0	17
Mahād	Mahad	18.08	73.42	0	28
Mahādula	Mahadula	21.25	79.08	0	21
Majalgaon		19.16	76.21	0	49
Malegaon		20.55	74.53	0	481
Malkapur		17.26	74.18	0	32
Malkāpur	Malkapur	20.89	76.20	0	68
Manchar		19.00	73.94	0	19
Mangrūl Pīr	Mangrul Pir	20.31	77.34	0	31
Manmād	Manmad	20.25	74.44	0	80
Manwath		19.30	76.50	0	32
Maval		18.76	73.44	0	16
Mehkar		20.15	76.57	0	45
Mharal Bk		19.25	73.18	0	29
Mhaswad		17.63	74.79	0	24
Moram		17.79	76.47	0	18
Morsi		21.34	78.01	0	37
Mudkhed		19.16	77.50	0	24
Mukher		18.71	77.37	0	29
Mumbai		19.07	72.88	0	12692
Murbād	Murbad	19.25	73.39	0	19
Murtajāpur	Murtajapur	20.73	77.37	0	40
Mālvan	Malvan	16.06	73.46	0	19
Mūl	Mul	20.07	79.68	0	25
Nagpur		21.15	79.08	0	2406
Naldurg		17.82	76.28	0	18
Nanded		19.16	77.31	0	551
Nandurbar		21.37	74.24	0	111
Narkher		21.47	78.53	0	21
Nashik		20.00	73.79	0	1486
Navi Mumbai		19.04	73.02	0	2600
Neral		19.02	73.32	0	18
Nilanga		18.12	76.75	0	36
Nildoh		21.11	78.99	0	38
Nipāni	Nipani	16.40	74.38	0	63
Nāndgaon	Nandgaon	20.31	74.66	0	24
Nāndūra	Nandura	20.83	76.46	0	44
Nārsala	Narsala	21.09	79.14	0	17
Ozar		20.09	73.93	0	51
Pachgaon		16.66	74.23	0	22
Paithan		19.48	75.39	0	42
Pandharpur		17.68	75.33	0	99
Panvel		18.99	73.11	0	195
Parbhani		19.27	76.77	0	307
Parli Vaijnāth	Parli Vaijnath	18.85	76.53	0	95
Parola		20.88	75.12	0	38
Partūr	Partur	19.60	76.22	0	36
Pasthal		19.82	72.73	0	18
Pawni		20.79	79.64	0	23
Pen		18.74	73.10	0	38
Phaltan		17.99	74.43	0	53
Pimpri		18.62	73.81	0	1285
Pimpri-Chinchwad		18.62	73.80	0	1728
Pipri		20.79	78.59	0	24
Powai		19.12	72.90	0	20
Pulgaon		20.72	78.32	0	35
Pune		18.52	73.86	0	3124
Pusad		19.91	77.58	0	73
Pāchora	Pachora	20.67	75.35	0	60
Pālghar	Palghar	19.70	72.77	0	72
Pāthardi	Pathardi	19.17	75.17	0	27
Pāthri	Pathri	19.26	76.43	0	38
Pātūr	Patur	20.46	76.94	0	22
Pīpri	Pipri	19.79	75.54	0	23
Pūrna	Purna	19.18	77.03	0	36
Rahata		19.72	74.48	0	22
Rahimatpur		17.59	74.20	0	18
Ranjangaon S		19.84	75.21	0	43
Ratnagiri		16.99	73.31	0	76
Risod		19.98	76.79	0	34
Roha		18.44	73.12	0	90
Rāhuri	Rahuri	19.39	74.65	0	39
Rājgurunagar	Rajgurunagar	18.87	73.90	0	25
Rājūra	Rajura	19.78	79.36	0	30
Rāmtek	Ramtek	21.40	79.33	0	23
Rāver	Raver	21.25	76.04	0	27
Sangamner		19.57	74.21	0	67
Saoner		21.39	78.92	0	32
Satara		17.69	73.99	0	120
Satānā	Satana	20.59	74.20	0	38
Selu		19.46	76.44	0	47
Shahuwadi		16.91	73.95	0	180
Shegaon		20.79	76.70	0	60
Shendurjana		21.52	78.28	0	22
Shiraguppi		16.62	74.71	0	25
Shirdi		19.77	74.48	0	36
Shirpur		21.35	74.88	0	77
Shivaji Nagar		18.53	73.85	0	1000
Sholapur		17.67	75.91	0	997
Shrivardhan		18.05	73.00	0	15
Shrīgonda	Shrigonda	18.62	74.70	0	31
Shāhāda	Shahada	21.55	74.47	0	61
Sillod		20.30	75.65	0	58
Sindi		20.74	78.59	0	21
Sindkhed Raja		19.95	76.13	0	16
Sinnar		19.85	74.00	0	65
Sirūr	Sirur	18.83	74.37	0	37
Soygaon		20.60	75.62	0	23
Soyāgaon	Soyagaon	20.55	74.51	0	34
Srīvardhan	Srivardhan	18.05	73.02	0	15
Sāngli	Sangli	16.85	74.56	0	601
Sāngola	Sangola	17.44	75.19	0	34
Sāsvad	Sasvad	18.34	74.03	0	32
Sāvantvādi	Savantvadi	15.90	73.82	0	24
Sāvda	Savda	21.15	75.89	0	21
Talegaon Dābhāde	Talegaon Dabhade	18.74	73.68	0	56
Taloda		21.56	74.21	0	26
Telhāra	Telhara	21.03	76.84	0	21
Thāne	Thane	19.20	72.96	0	1841
Tuljāpur	Tuljapur	18.01	76.07	0	36
Tumsar		21.38	79.73	0	45
Tāsgaon	Tasgaon	17.04	74.60	0	38
Udgīr	Udgir	18.39	77.12	0	104
Ulhasnagar		19.22	73.15	0	517
Umarga		17.84	76.62	0	35
Umarkhed		19.60	77.69	0	47
Umarsera		20.37	78.12	0	22
Umbri		20.71	77.03	0	20
Umred		20.85	79.32	0	54
Unchagao		16.70	74.27	0	31
Uran		18.88	72.94	0	30
Vadgaon		20.38	78.11	0	41
Vagholi		18.58	73.98	0	33
Vaijāpur	Vaijapur	19.93	74.73	0	41
Varangaon		21.02	75.91	0	44
Vasind		19.41	73.26	0	21
Virār	Virar	19.46	72.81	0	1222
Vite		17.27	74.54	0	48
Vāda	Vada	19.65	73.15	0	17
Wadgaon		16.84	74.31	0	26
Wadgaon Kolhati		19.84	75.24	0	66
Wai		17.95	73.89	0	36
Walwadi		20.92	74.76	0	30
Wani		20.06	78.95	0	59
Wardha		20.74	78.60	0	114
Warora		20.23	79.00	0	47
Warud		21.47	78.27	0	48
Wānādongri	Wanadongri	21.09	78.97	0	38
Wāri	Wari	21.15	79.01	0	54
Wāshīm	Washim	20.11	77.13	0	78
Yavatmāl	Yavatmal	20.39	78.13	0	128
Yeola		20.04	74.49	0	50
Yerkhera		21.22	79.19	0	16
Yāval	Yaval	21.17	75.70	0	37
Ārangaon	Arangaon	19.03	74.71	0	30
Ārvi	Arvi	21.00	78.23	0	43
#r	Manipur
Churāchāndpur	Churachandpur	24.33	93.67	0	48
Imphal		24.81	93.94	0	277
Kakching		24.50	93.98	0	32
Keirao Bitra		24.71	93.97	0	25
Mayāng Imphāl	Mayang Imphal	24.61	93.89	0	24
Moirāng	Moirang	24.50	93.78	0	20
Nambol		24.70	93.82	0	23
Phek		25.67	94.50	0	15
Samurou		24.70	93.90	0	17
Thoubāl	Thoubal	24.64	94.00	0	46
#r	Meghalaya
Laitumkhrah		25.57	91.90	0	27
Mankāchar	Mankachar	25.53	89.86	0	31
Mawlai-Mawïong	Mawlai-Mawiong	25.62	91.88	0	55
Nongpoh		25.90	91.88	0	17
Nongstoin		25.52	91.26	0	29
Nongthymmai		25.56	91.91	0	38
Shella		25.18	91.64	0	54
Shillong		25.57	91.88	0	143
Tura		25.51	90.20	0	75
#r	Mizoram
Aizawl		23.73	92.72	0	293
Kolasib		24.22	92.68	0	25
Lawngtlai		22.53	92.90	0	21
Lunglei		22.89	92.74	0	57
Saiha		22.49	92.98	0	25
Serchhīp	Serchhip	23.29	92.85	0	21
#r	NCT
Alīpur	Alipur	28.80	77.13	0	21
Auhammadpur Mājri	Auhammadpur Majri	28.73	77.04	0	17
Bakarwāla	Bakarwala	28.67	77.02	0	18
Bawāna	Bawana	28.80	77.03	0	74
Begampur		28.73	77.07	0	54
Bhālswa Jahangirpur	Bhalswa Jahangirpur	28.74	77.17	0	197
Burāri	Burari	28.76	77.20	0	146
Bābarpur	Babarpur	28.69	77.29	0	37
Bāprola	Baprola	28.64	77.01	0	53
Delhi		28.65	77.23	0	11035
Delhi Cantonment		28.60	77.13	0	110
Dīndārpur	Dindarpur	28.60	76.99	0	36
Hashtsāl	Hashtsal	28.63	77.06	0	177
Jāfarābād	Jafarabad	28.68	77.27	0	55
Kamal Pur Majra Burari		28.75	77.19	0	43
Kamaruddinnagar		28.68	77.05	0	25
Karol Bāgh	Karol Bagh	28.65	77.19	0	505
Karāla	Karala	28.74	77.04	0	36
Kirāri Sulemānnagar	Kirari Sulemannagar	28.70	77.06	0	283
Kundli		28.87	77.12	0	22
Kusum Pur		28.55	77.16	0	17
Kādīpur	Kadipur	28.77	77.16	0	18
Libāspur	Libaspur	28.75	77.15	0	44
Mukandpur		28.74	77.18	0	57
Murādābād Pahāri	Muradabad Pahari	28.56	77.15	0	22
Mūndka	Mundka	28.68	77.03	0	55
Nangli Sakrawat		28.62	76.99	0	38
Narela		28.85	77.09	0	800
Neb Sarai		28.51	77.20	0	16
New Delhi		28.62	77.21	0	318
Nilithi		28.65	77.06	0	43
Nithari		28.70	77.05	0	50
Nāngloi Jāt	Nangloi Jat	28.68	77.07	0	206
Pehlādpur Bāngar	Pehladpur Bangar	28.75	77.08	0	23
Pūth Kalān	Puth Kalan	28.71	77.08	0	96
Raja Pur Khurd		28.64	77.03	0	19
Rohini		28.74	77.07	0	860
Rāni Khera	Rani Khera	28.71	77.03	0	16
Saiyad-ul-ajaib		28.52	77.20	0	18
Shafi Pur Ranhola		28.66	77.04	0	32
Siraspur		28.76	77.13	0	30
Sultan Pur Majra		28.69	77.08	0	182
Sāhibābād Daulotpur	Sahibabad Daulotpur	28.75	77.11	0	55
#r	Nagaland
Chumukedima		25.82	93.78	0	26
Dimāpur	Dimapur	25.91	93.72	0	136
Kohima		25.67	94.11	0	99
Kuda		25.89	93.74	0	16
Mokokchūng	Mokokchung	26.32	94.52	0	36
Mon		26.74	95.06	0	26
Tuensang		26.27	94.82	0	37
Wokha		26.10	94.26	0	54
Zunheboto		25.97	94.52	0	29
#r	Odisha
Angul		20.84	85.10	0	44
Bada Barabīl	Bada Barabil	22.11	85.39	0	57
Balasore		21.49	86.93	0	144
Balāngīr	Balangir	20.70	83.49	0	98
Barbil		22.10	85.38	0	67
Bargarh		21.33	83.62	0	81
Barpāli	Barpali	21.19	83.59	0	21
Baud		20.84	84.33	0	20
Belpahar		21.82	83.85	0	39
Bhadrak		21.05	86.52	0	121
Bhanjanagar		19.93	84.58	0	21
Bhawānipatna	Bhawanipatna	19.91	83.17	0	69
Bhuban		20.88	85.83	0	22
Bhubaneswar		20.27	85.83	0	885
Binika		21.03	83.81	0	16
Birmitrapur		22.40	84.77	0	33
Brahmapur		19.31	84.79	0	357
Brajarajnagar		21.82	83.92	0	80
Buguda		19.81	84.79	0	15
Burla		21.51	83.87	0	47
Bālugaon	Balugaon	20.18	85.11	0	17
Bālugān	Balugan	19.73	85.22	0	18
Bānapur	Banapur	19.78	85.17	0	17
Bānki	Banki	20.38	85.53	0	18
Bāsudebpur	Basudebpur	21.12	86.73	0	34
Chhatrapur		19.36	84.98	0	22
Choudwar		20.54	85.92	0	53
Cuttack		20.46	85.88	0	610
Deogarh		21.54	84.73	0	22
Dera Colliery Township		20.95	85.17	0	16
Dhamanagar		20.92	86.45	0	23
Dhenkānāl	Dhenkanal	20.66	85.60	0	67
Ghantapada		20.93	85.19	0	15
Gunupur		19.08	83.81	0	29
Hinjilicut		19.48	84.74	0	25
Hīrākud	Hirakud	21.53	83.87	0	30
Jagatsinghapur		20.26	86.17	0	34
Jalda		22.19	84.84	0	16
Jaleshwar		21.80	87.22	0	26
Jatani		20.16	85.71	0	64
Jeypore		18.86	82.57	0	85
Jharsuguda		21.86	84.01	0	98
Joda		22.02	85.42	0	47
Jājpur	Jajpur	20.85	86.34	0	42
Kantābānji	Kantabanji	20.47	82.92	0	22
Kavisuryanagar		19.58	84.76	0	17
Kendrāparha	Kendraparha	20.50	86.42	0	47
Keonjhargarh		21.63	85.60	0	61
Kesinga		20.19	83.22	0	19
Kharhiāl	Kharhial	20.29	82.76	0	15
Khordha		20.18	85.62	0	46
Konārka	Konarka	19.89	86.10	0	17
Koraput		18.81	82.71	0	47
Kuchinda		21.74	84.35	0	16
Kāmākhyānagar	Kamakhyanagar	20.93	85.54	0	17
Lochapada		19.33	84.80	0	16
Nalco		20.87	85.18	0	20
Nayāgarh	Nayagarh	20.13	85.10	0	17
Nilagiri		21.46	86.77	0	17
Nimāparha	Nimaparha	20.06	86.00	0	19
Nowrangapur		19.23	82.55	0	1221
Padampur		21.00	83.06	0	16
Padmapur		21.00	83.07	0	18
Parādīp Garh	Paradip Garh	20.32	86.61	0	86
Patnāgarh	Patnagarh	20.71	83.13	0	21
Patāmundai	Patamundai	20.58	86.56	0	37
Phulbāni	Phulbani	20.48	84.23	0	37
Pipili		20.11	85.83	0	18
Polasara		19.69	84.81	0	23
Puri		19.80	85.82	0	201
Purushottampur		19.52	84.89	0	15
Rairangpur		22.27	86.17	0	35
Raurkela Industrial Township		22.20	84.86	0	216
Remuna		21.53	86.87	0	33
Rourkela		22.22	84.86	0	273
Sambalpur		21.47	83.98	0	189
Sonepur		20.83	83.92	0	21
Sorada		19.76	84.43	0	15
Soro		21.28	86.69	0	33
Sundergarh		22.12	84.03	0	45
Titlāgarh	Titlagarh	20.29	83.15	0	34
Tālcher	Talcher	20.95	85.23	0	41
Āsika	Asika	19.61	84.66	0	21
Āthagarh	Athagarh	20.52	85.63	0	17
#r	Pondicherry
Ariyānkuppam	Ariyankuppam	11.90	79.81	0	30
Gundupālaiyam	Gundupalaiyam	11.94	79.80	0	300
Kottaikuppam		11.96	79.84	0	32
Kurumbapet		11.94	79.77	0	33
Kāraikāl	Karaikal	10.92	79.83	0	87
Manaveli		11.89	79.81	0	16
Puducherry		11.93	79.83	0	657
Villianur		11.91	79.76	0	34
#r	Punjab
Abohar		30.14	74.20	0	145
Adampur		31.43	75.71	0	21
Ajnāla	Ajnala	31.84	74.76	0	21
Amritsar		31.62	74.88	0	1159
Anandpur		31.24	76.50	0	16
Bagha Purana		30.69	75.10	0	25
Balaungi		30.73	76.69	0	16
Banga		31.19	75.99	0	21
Banūr	Banur	30.55	76.72	0	19
Barnāla	Barnala	30.37	75.55	0	116
Basi		30.69	76.40	0	20
Basi		30.59	76.84	0	26
Bathinda		30.21	74.94	0	286
Batāla	Batala	31.81	75.20	0	159
Bhadaur		30.48	75.33	0	19
Bhawānīgarh	Bhawanigarh	30.27	76.04	0	22
Bhogpur		31.55	75.64	0	18
Bhīkhi	Bhikhi	30.06	75.53	0	18
Budhlāda	Budhlada	29.93	75.56	0	26
Bālāchor	Balachor	31.06	76.30	0	22
Dasūya	Dasuya	31.82	75.65	0	25
Dhanaula		30.28	75.57	0	20
Dharmkot		30.95	75.23	0	19
Dhāriwāl	Dhariwal	31.96	75.32	0	21
Dhūri	Dhuri	30.37	75.87	0	55
Dirba		30.07	76.00	0	17
Dorāha	Doraha	30.80	76.02	0	25
Dīnānagar	Dinanagar	32.14	75.47	0	24
Farīdkot	Faridkot	30.67	74.76	0	88
Fatehgarh Chūriān	Fatehgarh Churian	31.86	74.96	0	18
Fazilka		30.40	74.03	0	76
Firozpur		30.93	74.61	0	110
Garhshankar		31.22	76.14	0	17
Giddarbāha	Giddarbaha	30.20	74.67	0	45
Gil		30.85	75.86	0	29
Gobindgarh		30.67	76.30	0	82
Goniāna Mandi	Goniana Mandi	30.32	74.91	0	15
Gorāya	Goraya	31.12	75.77	0	16
Gurdaspur		32.04	75.40	0	78
Guru Har Sahāi	Guru Har Sahai	30.71	74.40	0	17
Hoshiārpur	Hoshiarpur	31.54	75.91	0	169
Husainpur		31.31	75.32	0	16
Jagraon		30.79	75.47	0	65
Jaito		30.45	74.89	0	37
Jalandhar		31.33	75.58	0	869
Jalandhar Cantonment		31.29	75.62	0	48
Jalālābād	Jalalabad	30.61	74.26	0	40
Jandiāla	Jandiala	31.16	75.62	0	26
Jandiāla Gurū	Jandiala Guru	31.56	75.03	0	29
Jugiāl	Jugial	32.37	75.68	0	15
Kapurthala Town		31.38	75.38	0	99
Kartārpur	Kartarpur	31.44	75.50	0	27
Khanna		30.71	76.22	0	128
Kharar		30.75	76.65	0	74
Kot Kapūra	Kot Kapura	30.58	74.83	0	92
Kotkapura		30.58	74.83	0	81
Kūrāli	Kurali	30.83	76.58	0	31
Laungowāl	Laungowal	30.19	75.68	0	22
Longowal		30.20	75.68	0	24
Ludhiana		30.91	75.85	0	1619
Lālru	Lalru	30.49	76.80	0	21
Mahna		30.23	74.99	0	28
Malout		30.21	74.48	0	81
Mamun		32.28	75.70	0	33
Maur		30.08	75.25	0	32
Moga		30.81	75.17	0	163
Mohali		30.68	76.72	0	167
Moonak		29.83	75.89	0	18
Morinda		30.79	76.50	0	24
Mukeriān	Mukerian	31.95	75.62	0	30
Muktsar		30.47	74.52	0	117
Māchhīwāra	Machhiwara	30.92	76.20	0	25
Māler Kotla	Maler Kotla	30.53	75.88	0	135
Mānsa	Mansa	29.99	75.40	0	83
Nakodar		31.13	75.48	0	37
Nangal		31.39	76.38	0	48
Nangli		31.69	74.89	0	20
Nawanshahr		31.12	76.12	0	46
Nābha	Nabha	30.38	76.15	0	68
Pathānkot	Pathankot	32.27	75.65	0	174
Patiāla	Patiala	30.34	76.39	0	446
Patran		29.96	76.05	0	28
Patti		31.28	74.86	0	41
Phagwāra	Phagwara	31.22	75.77	0	100
Phillaur		31.02	75.79	0	25
Qadian		31.82	75.38	0	24
Rajpura		30.48	76.59	0	92
Rampura Phul		30.28	75.24	0	51
Ropar		30.97	76.53	0	56
Rāhon	Rahon	31.05	76.12	0	16
Rāikot	Raikot	30.65	75.60	0	29
Rāmpura	Rampura	30.26	75.24	0	46
Samrāla	Samrala	30.84	76.19	0	20
Sanaur		30.30	76.46	0	21
Sangrūr	Sangrur	30.25	75.84	0	89
Sardulgarh		29.69	75.24	0	19
Sirhind		30.64	76.38	0	61
Sujānpur	Sujanpur	32.32	75.61	0	28
Sultanpur		31.21	75.20	0	17
Sunām	Sunam	30.13	75.80	0	69
Sānehwāl	Sanehwal	30.84	75.99	0	22
Talwandi Bhai		30.86	74.93	0	17
Talwāra	Talwara	31.94	75.89	0	25
Tapa		30.30	75.37	0	23
Tarn Taran		31.45	74.93	0	67
Urmar		31.68	75.64	0	23
Zerakpur		30.66	76.82	0	96
Zira		30.97	74.99	0	37
#r	Rajasthan
Ajeetgarh		27.42	75.82	0	15
Ajmer		26.45	74.64	0	542
Aklera		24.41	76.57	0	26
Alwar		27.56	76.62	0	323
Amet		25.31	73.93	0	17
Anta		25.15	76.30	0	32
Anūpgarh	Anupgarh	29.19	73.21	0	33
Bagar		28.19	75.50	0	16
Balotra		25.83	72.24	0	74
Bari Sādri	Bari Sadri	24.41	74.47	0	16
Basi		26.83	76.05	0	26
Basni		27.17	73.65	0	29
Baswa		27.15	76.58	0	23
Bayāna	Bayana	26.91	77.29	0	39
Begūn	Begun	24.98	75.00	0	21
Behror		27.89	76.28	0	30
Beāwar	Beawar	26.10	74.32	0	151
Bharatpur		27.22	77.49	0	253
Bhilwara		25.35	74.64	0	359
Bhindār	Bhindar	24.50	74.19	0	18
Bhiwadi		28.21	76.86	0	105
Bhusawar		27.04	77.05	0	20
Bhuwāna	Bhuwana	24.62	73.71	0	18
Bhādra	Bhadra	29.10	75.17	0	41
Bhādāsar	Bhadasar	28.31	74.29	0	33
Bhīnmāl	Bhinmal	25.00	72.27	0	48
Bijaynagar		25.93	74.65	0	32
Bikaner		28.02	73.31	0	644
Bilāra	Bilara	26.18	73.71	0	42
Bissāu	Bissau	28.25	75.08	0	23
Borāwar	Borawar	27.02	74.68	0	25
Bāda	Bada	26.06	75.02	0	20
Bāli	Bali	25.20	73.29	0	20
Bāndīkūi	Bandikui	27.05	76.57	0	45
Bānswāra	Banswara	23.54	74.44	0	101
Bāri	Bari	26.65	77.62	0	63
Bārmer	Barmer	25.75	71.39	0	96
Bārān	Baran	25.10	76.52	0	118
Bīdāsar	Bidasar	27.84	74.32	0	36
Būndi	Bundi	25.44	75.64	0	105
Chaksu		26.61	75.95	0	33
Chhabra		24.66	76.84	0	32
Chhipa Barod		24.62	76.71	0	19
Chhoti Sādri	Chhoti Sadri	24.38	74.70	0	18
Chhāpar	Chhapar	27.82	74.44	0	20
Chidawa		28.24	75.64	0	44
Chittorgarh		24.89	74.62	0	116
Chūru	Churu	28.30	74.97	0	120
Danta		27.30	75.19	0	16
Dausa		26.89	76.34	0	86
Deoli		25.76	75.38	0	22
Deshnoke		27.80	73.34	0	18
Devgarh		25.53	73.91	0	18
Dhaulpur		26.69	77.88	0	133
Dīdwāna	Didwana	27.40	74.58	0	54
Dīg	Dig	27.47	77.33	0	45
Dūngarpur	Dungarpur	23.84	73.71	0	48
Fatehpur		27.99	74.96	0	93
Fālna	Falna	25.27	73.24	0	25
Gangāpur	Gangapur	26.47	76.72	0	120
Gangāpur	Gangapur	25.22	74.26	0	19
Gothara		28.07	75.82	0	17
Gulābpura	Gulabpura	25.90	74.66	0	27
Hanumāngarh	Hanumangarh	29.58	74.33	0	156
Hindaun		26.73	77.04	0	105
Jahāzpur	Jahazpur	25.62	75.28	0	21
Jaipur		26.92	75.79	0	3046
Jaisalmer		26.92	70.90	0	68
Jaitāran	Jaitaran	26.20	73.94	0	23
Jalor		25.35	72.62	0	54
Jhunjhunūn	Jhunjhunun	28.13	75.40	0	118
Jhālrapātan	Jhalrapatan	24.54	76.17	0	38
Jhālāwār	Jhalawar	24.60	76.16	0	67
Jodhpur		26.27	73.01	0	1056
Kaithoon		25.12	75.97	0	24
Karanpur		29.84	73.46	0	22
Karauli		26.50	77.03	0	83
Kekri		25.97	75.15	0	42
Keru		26.19	73.04	0	38
Keshorai Pātan	Keshorai Patan	25.29	75.94	0	25
Khairtal		27.80	76.64	0	38
Khandela		27.60	75.50	0	29
Khetri		28.00	75.79	0	18
Kishangarh		26.59	74.85	0	155
Kota		25.18	75.84	0	1002
Kotputli		27.70	76.20	0	49
Kuchera		26.99	73.97	0	23
Kuchāman	Kuchaman	27.15	74.86	0	62
Kāman	Kaman	27.66	77.27	0	38
Kāpren	Kapren	25.41	76.07	0	21
Kūmher	Kumher	27.32	77.37	0	24
Laxmangarh		27.82	75.03	0	53
Losal		27.40	74.92	0	29
Lādnūn	Ladnun	27.65	74.40	0	66
Lākheri	Lakheri	25.67	76.18	0	30
Lālsot	Lalsot	26.56	76.33	0	34
Mahwa		27.05	76.93	0	25
Makrāna	Makrana	27.04	74.72	0	94
Manoharpur		27.30	75.95	0	29
Merta		26.65	74.03	0	46
Merta Road		26.72	73.92	0	17
Mukandgarh		27.95	75.22	0	18
Mālpura	Malpura	26.28	75.36	0	36
Māndal	Mandal	25.44	74.57	0	23
Māndalgarh	Mandalgarh	25.19	75.07	0	22
Māngrol	Mangrol	25.33	76.51	0	25
Mūndwa	Mundwa	27.06	73.82	0	17
Nagar		27.42	77.10	0	26
Nainwa		25.77	75.85	0	19
Nandri		26.31	73.10	0	21
Napāsar	Napasar	27.96	73.56	0	22
Naraina		26.79	75.21	0	17
Nasīrābād	Nasirabad	26.30	74.73	0	52
Nawalgarh		27.85	75.27	0	64
Neem ka Thana		27.74	75.79	0	36
Nimach		24.46	74.87	0	129
Niwai		26.36	75.92	0	38
Nohar		29.18	74.77	0	50
Nokha		27.56	73.47	0	63
Nādbai	Nadbai	27.22	77.20	0	26
Nāgaur	Nagaur	27.20	73.73	0	105
Nāthdwāra	Nathdwara	24.94	73.82	0	42
Nāwa	Nawa	27.02	75.00	0	22
Nīmbāhera	Nimbahera	24.62	74.68	0	62
Nīmāj	Nimaj	26.15	74.00	0	20
Padampur		29.71	73.63	0	18
Parvatsar		26.89	74.77	0	15
Phalodi		27.13	72.37	0	50
Phulera		26.87	75.24	0	26
Pilibangan		29.45	74.10	0	37
Pilāni	Pilani	28.37	75.60	0	30
Pindwāra	Pindwara	24.80	73.06	0	24
Pokaran		26.92	71.92	0	24
Pratāpgarh	Pratapgarh	24.03	74.78	0	42
Pushkar		26.49	74.55	0	22
Pāli	Pali	25.77	73.32	0	230
Pīpār	Pipar	26.38	73.54	0	37
Raipur		26.04	74.02	0	18
Ratangarh		28.08	74.62	0	71
Reengus		27.36	75.57	0	26
Rāisinghnagar	Raisinghnagar	29.54	73.45	0	30
Rājaldesar	Rajaldesar	28.03	74.47	0	27
Rājgarh	Rajgarh	28.64	75.39	0	59
Rājgarh	Rajgarh	27.24	76.62	0	27
Rājsamand	Rajsamand	25.07	73.88	0	68
Rājākhera	Rajakhera	26.90	78.17	0	34
Rāmganj Mandi	Ramganj Mandi	24.65	75.94	0	41
Rāmgarh	Ramgarh	28.17	74.98	0	33
Rāmgarh	Ramgarh	27.25	75.18	0	30
Rāwatbhāta	Rawatbhata	24.93	75.59	0	38
Rāwatsār	Rawatsar	29.27	74.40	0	35
Samdari		25.81	72.58	0	18
Sangod		24.93	76.29	0	22
Sardārshahr	Sardarshahr	28.44	74.49	0	96
Sarwar		26.24	75.13	0	20
Sawai Madhopur		26.02	76.34	0	121
Sheoganj		25.14	73.07	0	28
Shāhpura	Shahpura	27.39	75.96	0	34
Shāhpura	Shahpura	25.62	74.92	0	29
Sirohi		24.89	72.85	0	39
Siwāna	Siwana	25.65	72.42	0	22
Sojat		25.92	73.67	0	43
Sri Dūngargarh	Sri Dungargarh	28.10	74.01	0	53
Sri Ganganagar		29.92	73.87	0	238
Sri Mādhopur	Sri Madhopur	27.47	75.60	0	31
Suket		24.65	76.04	0	22
Sumerpur		25.15	73.08	0	39
Sunel		24.37	75.96	0	16
Suratgarh		29.32	73.90	0	71
Sādri	Sadri	25.19	73.45	0	27
Sālūmbar	Salumbar	24.14	74.04	0	17
Sāmbhar	Sambhar	26.91	75.19	0	23
Sānchor	Sanchor	24.75	71.77	0	33
Sāngaria	Sangaria	26.19	73.03	0	23
Sātalkheri	Satalkheri	24.65	76.00	0	16
Sīkar	Sikar	27.61	75.14	0	244
Sūjāngarh	Sujangarh	27.70	74.47	0	184
Sūrajgarh	Surajgarh	28.31	75.73	0	22
Takhatgarh		25.32	73.00	0	17
Tijāra	Tijara	27.93	76.86	0	25
Todabhim		26.92	76.82	0	23
Todaraisingh		26.02	75.48	0	24
Tonk		26.17	75.79	0	165
Tārānagar	Taranagar	28.67	75.03	0	33
Udaipur		27.72	75.47	0	30
Udaipur		24.59	73.71	0	451
Udaipurwati		27.73	75.47	0	29
Vidyavihar		28.37	75.58	0	16
Weir		27.02	77.18	0	19
Ābu	Abu	24.59	72.72	0	25
Ābu Road	Abu Road	24.48	72.78	0	56
Āsind	Asind	25.73	74.33	0	17
#r	Sikkim
Gangtok		27.33	88.61	0	100
#r	Tamil Nadu
Adirampattinam		10.34	79.38	0	31
Adiyanuthu		10.33	77.98	0	18
Agaram		10.44	77.95	0	16
Alandur		13.00	80.21	0	164
Alangāyam	Alangayam	12.62	78.75	0	18
Allapuram		12.90	79.13	0	31
Allinagaram		10.03	77.48	0	94
Ambasamudram		8.71	77.45	0	36
Ambattur		13.10	80.16	0	466
Ambur		12.79	78.72	0	115
Ammainaickanur		10.17	77.91	0	19
Anaimalai		10.58	76.93	0	17
Anakaputhur		12.98	80.13	0	48
Andipalayam		11.09	77.31	0	26
Annur		11.24	77.11	0	20
Annāmalainagar	Annamalainagar	11.40	79.73	0	16
Anthiyur		11.58	77.59	0	21
Anuppānadi	Anuppanadi	9.90	78.14	0	26
Arakkonam		13.08	79.67	0	79
Aramboli		8.25	77.52	0	23
Arantāngi	Arantangi	10.17	78.99	0	41
Arcot		12.91	79.32	0	56
Ariyalūr	Ariyalur	11.14	79.08	0	29
Arni		12.67	79.29	0	64
Arumanai		8.37	77.24	0	16
Arumuganeri		8.57	78.09	0	27
Aruppukkottai		9.51	78.10	0	88
Attibele		12.78	77.77	0	21
Attimarappatti		8.74	78.11	0	22
Attur		11.59	78.60	0	62
Avadi		13.11	80.11	0	346
Avalēpalli	Avalepalli	12.77	77.86	0	18
Avaniyāpuram	Avaniyapuram	9.88	78.11	0	90
Avinashi		11.19	77.27	0	29
Ayakudi		10.45	77.55	0	27
Ayyalur		10.48	78.16	0	17
Ayyampettāi	Ayyampettai	10.90	79.18	0	16
Balakrishnapuram		10.36	78.00	0	26
Bhavāni	Bhavani	11.45	77.68	0	40
Bhikshāndārkovil	Bhikshandarkovil	10.88	78.70	0	17
Bodināyakkanūr	Bodinayakkanur	10.01	77.35	0	76
Boothapandi		8.27	77.45	0	16
Boyampālaiyam	Boyampalaiyam	11.15	77.35	0	41
Brāhmana Periya Agrahāram	Brahmana Periya Agraharam	11.37	77.71	0	25
Chengalpattu		12.69	79.98	0	66
Chengam		12.31	78.79	0	27
Chennai		13.09	80.28	0	4681
Chennimalai		11.16	77.60	0	16
Cheranmahadevi		8.68	77.57	0	18
Chetput		12.46	79.35	0	20
Chetput		13.07	80.24	0	18
Chettināyakkanpatti	Chettinayakkanpatti	10.39	77.98	0	18
Chettipālaiyam	Chettipalaiyam	10.91	77.04	0	24
Chettipālaiyam	Chettipalaiyam	11.17	77.34	0	38
Cheyyar		12.66	79.54	0	38
Chidambaram		11.40	79.69	0	62
Chinna Salem		11.63	78.87	0	25
Chinna Āndānkovil	Chinna Andankovil	10.95	78.07	0	20
Chinnalapatti		10.28	77.92	0	26
Chinnamanūr	Chinnamanur	9.84	77.38	0	42
Chinnavādampatti	Chinnavadampatti	11.06	76.98	0	20
Chokkanāthapuram	Chokkanathapuram	9.99	77.36	0	16
Coimbatore		11.01	76.97	0	2137
Colachel		8.18	77.26	0	23
Coonoor		11.35	76.79	0	45
Cuddalore		11.76	79.77	0	174
Cumbum		9.74	77.28	0	68
Denkanikota		12.53	77.79	0	24
Devadanapatti		10.15	77.64	0	19
Devakottai		9.95	78.82	0	52
Devarshola		11.54	76.44	0	25
Dharapuram		10.74	77.53	0	72
Dharmapuram		8.12	77.39	0	17
Dharmapuri		12.13	78.16	0	69
Dindigul		10.37	77.98	0	293
Dārāsuram	Darasuram	10.95	79.36	0	15
Edaicode		8.38	77.20	0	25
Elandakuttai		11.41	77.78	0	16
Ellakkudi		10.81	78.75	0	16
Elumalai		9.87	77.70	0	16
Erode		11.34	77.73	0	522
Eruvādi	Eruvadi	8.44	77.60	0	18
Ezhudesam		8.27	77.14	0	25
Gingee		12.25	79.42	0	27
Gobichettipalayam		11.45	77.44	0	60
Gudalur		11.52	76.48	0	50
Gudalur		9.68	77.25	0	47
Gudiyatham		12.95	78.87	0	94
Gummidipundi		13.41	80.11	0	19
Gūduvāncheri	Guduvancheri	12.85	80.06	0	44
Harūr	Harur	12.05	78.48	0	25
Hosūr	Hosur	12.74	77.83	0	230
Idaiyarpālaiyam	Idaiyarpalaiyam	11.04	76.92	0	84
Idangansālai	Idangansalai	11.63	77.99	0	33
Idappadi		11.59	77.84	0	55
Ilaiyankudi		9.63	78.62	0	25
Inam Maniyachi		9.17	77.85	0	18
Injambakkam		12.92	80.25	0	23
Irugūr	Irugur	11.02	77.06	0	26
Jalakandapuram		11.70	77.87	0	16
Jalladiampet		12.92	80.21	0	19
Jalārpet	Jalarpet	12.57	78.57	0	41
Jayamkondacholapuram		11.21	79.36	0	34
Jāmbai	Jambai	11.47	77.64	0	17
Jūjūvādi	Jujuvadi	12.77	77.79	0	32
Kadayal		8.41	77.27	0	22
Kadayanallur		9.07	77.34	0	90
Kaikalapettai		13.02	80.12	0	24
Kalakkādu	Kalakkadu	8.51	77.55	0	31
Kalinjur		12.95	79.13	0	20
Kallakkurichchi		11.74	78.96	0	40
Kallakurichi		11.73	78.96	0	1683
Kallamchavadi		12.95	80.13	0	31
Kallidaikurichi		8.69	77.47	0	26
Kallukuttam		8.19	77.29	0	19
Kalugumalai		9.15	77.71	0	15
Kammivapettai		11.75	79.75	0	19
Kanchipuram		12.84	79.70	0	222
Kangayam		11.01	77.56	0	32
Kangeyanallur		12.95	79.15	0	15
Kannampālaiyam	Kannampalaiyam	11.00	77.10	0	16
Kanniyākumāri	Kanniyakumari	8.09	77.54	0	22
Kannānendal	Kannanendal	9.96	78.14	0	31
Kannānkurichchi	Kannankurichchi	11.70	78.18	0	20
Kappiyara		8.25	77.26	0	16
Kariapatti		9.68	78.10	0	18
Karingal		8.24	77.24	0	17
Karumattampatti		11.11	77.18	0	35
Karumāndi Chellipālaiyam	Karumandi Chellipalaiyam	11.30	77.59	0	24
Karur		10.96	78.08	0	234
Kattivākkam	Kattivakkam	13.22	80.32	0	37
Kavanur		13.00	80.08	0	55
Kayalpattinam		8.57	78.12	0	41
Keezhkulam		8.23	77.19	0	17
Kilakarai		9.23	78.79	0	38
Kilapavoor		8.91	77.43	0	22
Kodaikānāl	Kodaikanal	10.24	77.49	0	37
Kollancode		8.29	77.11	0	38
Kollivāyal	Kollivayal	11.50	76.48	0	22
Kombai		9.85	77.30	0	16
Kondalampatti		11.63	78.12	0	20
Kondasamudram		12.95	78.88	0	21
Koothanallur		10.72	79.52	0	25
Koothappar		10.80	78.79	0	16
Kotagiri		11.42	76.86	0	29
Kothanallur		8.28	77.31	0	18
Kotivakkam		12.97	80.26	0	20
Kottaikādu	Kottaikadu	12.26	79.98	0	28
Kottur		10.54	76.98	0	27
Kovilpatti		9.17	77.87	0	95
Krishnagiri		12.52	78.21	0	71
Kulasegaram		8.36	77.30	0	17
Kulattuppālaiyam	Kulattuppalaiyam	10.76	77.58	0	18
Kulittalai		10.93	78.41	0	28
Kullattūr	Kullattur	12.94	80.19	0	27
Kumarapalayam		11.44	77.71	0	195
Kumbakonam		10.96	79.39	0	167
Kumārapālaiyam	Kumarapalaiyam	11.50	77.26	0	16
Kuniyamuttūr	Kuniyamuttur	10.96	76.95	0	96
Kurichchi		10.96	76.97	0	124
Kurinjippādi	Kurinjippadi	11.55	79.59	0	40
Kuthalam		11.07	79.56	0	16
Kuzhithurai		8.32	77.19	0	21
Kādiganpalli	Kadiganpalli	12.52	78.21	0	23
Kālappatti	Kalappatti	11.08	77.04	0	40
Kāmayakkavundanpatti	Kamayakkavundanpatti	9.74	77.32	0	16
Kāraikkudi	Karaikkudi	10.07	78.77	0	182
Kāraippudūr	Karaippudur	11.06	77.31	0	29
Kāramadai	Karamadai	11.24	76.96	0	35
Kāsipālaiyam	Kasipalaiyam	11.32	77.71	0	73
Kātpādi	Katpadi	12.97	79.15	0	39
Kāttatturai	Kattatturai	8.28	77.28	0	17
Kāveripatnam	Kaveripatnam	12.42	78.22	0	15
Kērkandi	Kerkandi	11.37	76.75	0	23
Kīl Bhuvanagiri	Kil Bhuvanagiri	11.44	79.65	0	22
Lakkanahalli		12.11	78.15	0	40
Lalgudi		10.87	78.82	0	24
Madambakkam		12.85	80.05	0	17
Madattukkulam		10.56	77.37	0	21
Madhavaram		13.15	80.23	0	119
Madipakkam		12.96	80.20	0	36
Madukkarai		10.91	76.96	0	30
Madukkūr	Madukkur	10.48	79.40	0	16
Madurai		9.92	78.12	0	1466
Maduraivayal		13.06	80.17	0	19
Maduravoyal		13.07	80.16	0	86
Madurāntakam	Madurantakam	12.51	79.88	0	31
Mahabalipuram		12.62	80.19	0	15
Mallasamudram		11.49	78.03	0	19
Mamsapuram		9.50	77.59	0	19
Manali		13.17	80.27	0	35
Manamadurai		9.67	78.47	0	32
Manapparai		10.61	78.43	0	41
Mandapam		9.28	79.12	0	18
Mangalam		11.10	77.27	0	18
Mannachanallur		10.91	78.70	0	26
Mannarai		11.12	77.37	0	17
Mannargudi		10.67	79.45	0	67
Mappilaiurani		8.84	78.14	0	40
Maraimalainagar		12.80	80.03	0	82
Marakkanam		12.19	79.94	0	22
Marthandam		8.31	77.22	0	21
Mathur		13.17	80.25	0	28
Mattigiri		12.70	77.81	0	23
Mayiladuthurai		11.10	79.66	0	87
Mechcheri		11.83	77.94	0	26
Meddappakkam		12.92	80.19	0	45
Meenambakkam		12.98	80.17	0	24
Melmadai		9.93	78.15	0	44
Melur		10.03	78.34	0	40
Methukummal		8.31	77.15	0	19
Mettupalayam		11.30	76.93	0	69
Mettur		11.79	77.80	0	57
Milavittan		8.82	78.09	0	46
Mugalivakkam		13.02	80.17	0	25
Mulakumūd	Mulakumud	8.27	77.29	0	20
Murugampālaiyam	Murugampalaiyam	11.08	77.32	0	26
Musiri		10.95	78.44	0	30
Muthupet		10.40	79.49	0	22
Muttanampālaiyam	Muttanampalaiyam	11.08	77.40	0	26
Muttayyāpuram	Muttayyapuram	8.75	78.13	0	32
Mīnjūr	Minjur	13.28	80.26	0	28
Mūkondapalli	Mukondapalli	12.75	77.80	0	39
Mūlanūr	Mulanur	10.79	77.71	0	15
Nagapattinam		10.76	79.84	0	103
Nalambūr	Nalambur	13.09	80.17	0	22
Nallavila		8.21	77.34	0	16
Nalloor		8.31	77.22	0	18
Nallūr	Nallur	11.10	77.39	0	70
Nambiyūr	Nambiyur	11.36	77.32	0	16
Nangavaram		10.87	78.54	0	18
Narasimhanaickenpalayam		11.12	76.94	0	18
Narasingapuram		11.60	78.58	0	23
Natham		10.23	78.23	0	24
Nattappettai		12.82	79.75	0	20
Navalpattu		10.75	78.78	0	17
Nazareth		8.56	77.97	0	17
Neelagiri		10.76	79.09	0	16
Neelankarai		12.95	80.26	0	77
Nellikkuppam		11.78	79.67	0	47
Nerkunram		13.06	80.21	0	60
Nerupperichchal		11.16	77.37	0	54
Neyveli		11.61	79.50	0	179
Nilakottai		10.16	77.85	0	22
Nāgercoil	Nagercoil	8.18	77.43	0	225
Nāmagiripettai	Namagiripettai	11.46	78.27	0	22
Nāmakkal	Namakkal	11.22	78.17	0	56
Nānjikkottai	Nanjikkottai	10.73	79.14	0	33
Nāranammālpuram	Naranammalpuram	8.76	77.74	0	17
Nāravārikuppam	Naravarikuppam	13.19	80.18	0	21
Nāyanakulam	Nayanakulam	9.96	78.14	0	23
Omalur		11.74	78.05	0	16
Ooty		11.41	76.70	0	233
Ottakkadai		9.96	78.19	0	15
Pacode		8.34	77.21	0	24
Padmanābhapuram	Padmanabhapuram	8.24	77.33	0	21
Painkulam		8.26	77.17	0	24
Palangarai		11.20	77.31	0	17
Palani		10.45	77.52	0	70
Palappallam		8.21	77.25	0	19
Palavakkam		12.95	80.26	0	27
Palavansathu		12.89	79.13	0	22
Palladam		10.99	77.29	0	42
Pallappatti		10.72	77.88	0	31
Pallikaranai		12.94	80.22	0	43
Pallikonda		12.91	78.94	0	23
Pallipalayam		11.37	77.76	0	40
Pallippatti		11.94	78.40	0	26
Pallāvaram	Pallavaram	12.97	80.15	0	234
Palugal		8.35	77.19	0	18
Pammal		12.97	80.13	0	76
Panruti		11.78	79.55	0	60
Papanasam		10.93	79.27	0	18
Paramagudi		9.55	78.59	0	96
Paramathi Velur		11.19	77.96	0	25
Parangipettai		11.49	79.76	0	26
Paravai		9.96	78.07	0	20
Pattamadai		8.67	77.58	0	17
Pattukkottai		10.42	79.32	0	73
Peddanāyakkanpālaiyam	Peddanayakkanpalaiyam	11.65	78.51	0	18
Pennādam	Pennadam	11.40	79.24	0	19
Pennāgaram	Pennagaram	12.13	77.90	0	17
Perambalur		11.23	78.88	0	50
Peranāmpattu	Peranampattu	12.93	78.72	0	51
Peravurani		10.29	79.20	0	22
Periya Semūr	Periya Semur	11.36	77.69	0	55
Periyakottai		10.59	77.28	0	17
Periyakulam		10.12	77.54	0	43
Periyanayakkanpalaiyam		11.15	76.95	0	26
Periyapatti		11.21	78.15	0	16
Perundurai		11.28	77.59	0	25
Perungudi		12.96	80.24	0	43
Perunkalattu		12.92	80.08	0	37
Podaturpet		13.28	79.49	0	35
Polichalur		12.99	80.14	0	22
Pollachi		10.66	77.01	0	90
Polūr	Polur	12.51	79.12	0	28
Ponmana		8.36	77.33	0	16
Ponneri		13.34	80.19	0	31
Poonamalle		13.05	80.11	0	61
Porur		13.04	80.16	0	47
Pottaneri Nallakavundanpatti		11.80	77.86	0	25
Pottanūr	Pottanur	11.11	77.99	0	18
Pudukkottai		10.38	78.82	0	118
Pudukkottai		9.94	78.05	0	16
Pudupattanam		12.51	80.15	0	21
Pudūr	Pudur	11.44	77.68	0	17
Pugalūr	Pugalur	11.07	78.02	0	23
Puliyankannu		12.94	79.31	0	20
Puliyankudi		9.17	77.40	0	66
Punjai Puliyampatti		11.35	77.17	0	19
Puzhal		13.16	80.20	0	32
Pāchchal	Pachchal	12.51	78.56	0	17
Pādiyanallūr	Padiyanallur	13.20	80.18	0	24
Pālaiyampatti	Palaiyampatti	9.54	78.10	0	19
Pālakkodu	Palakkodu	12.31	78.07	0	21
Pāmban	Pamban	9.28	79.21	0	31
Pānakkudi	Panakkudi	8.32	77.58	0	30
Pāppākurichchi	Pappakurichchi	10.81	78.75	0	24
Pārassāla	Parassala	8.34	77.15	0	34
Rajakilpakkam		12.92	80.17	0	38
Rajapalayam		9.45	77.55	0	130
Rakkiyapālaiyam	Rakkiyapalaiyam	11.11	76.94	0	19
Ramanathapuram		9.37	78.83	0	65
Ramapuram		13.03	80.18	0	52
Rameswaram		9.29	79.31	0	45
Rasipuram		11.46	78.19	0	50
Reddipālaiyam	Reddipalaiyam	13.11	80.12	0	30
Reethapuram		8.18	77.25	0	21
Rāmachettipālaiyam	Ramachettipalaiyam	10.96	76.92	0	18
Rānipet	Ranipet	12.92	79.33	0	264
Saint Thomas Mount		13.00	80.20	0	44
Salangaippālaiyam	Salangaippalaiyam	11.43	77.57	0	16
Salem		11.65	78.16	0	917
Sankagiri		11.48	77.87	0	29
Sankarapatti		10.05	78.75	0	27
Sankaraperi		8.84	78.11	0	20
Sathyamangalam		11.51	77.24	0	38
Sattur		9.36	77.92	0	32
Senapparetti		10.96	78.11	0	22
Sendamangalam		11.28	78.23	0	20
Settiyārpatti	Settiyarpatti	9.39	77.49	0	18
Settūr	Settur	9.41	77.48	0	20
Sevilimedu		12.81	79.69	0	23
Shenkottai		8.98	77.25	0	27
Sholavandan		10.02	77.96	0	23
Sholinganallur		12.89	80.23	0	36
Sholinghur		13.12	79.42	0	31
Singānallūr	Singanallur	11.00	77.03	0	31
Sirumugai		11.32	77.01	0	20
Sithurajapuram		9.42	77.79	0	17
Sivaganga		9.85	78.48	0	43
Sivagiri		11.12	77.79	0	17
Sivagiri		9.34	77.43	0	23
Sivagirippatti		10.45	77.53	0	17
Sivakasi		9.45	77.80	0	235
Srivaikuntam		8.63	77.91	0	16
Srivilliputhur		9.51	77.63	0	75
Srvanampatti		11.08	77.00	0	33
Srīperumbūdūr	Sriperumbudur	12.97	79.94	0	25
Sulur		11.02	77.13	0	28
Sundakkāmpālaiyam	Sundakkampalaiyam	10.57	77.21	0	16
Sālamedu	Salamedu	11.91	79.49	0	21
Sāmalāpuram	Samalapuram	11.07	77.20	0	21
Sāmbūrvadakara	Samburvadakara	9.00	77.39	0	17
Sīlappādi	Silappadi	10.39	78.01	0	18
Sīrkāzhi	Sirkazhi	11.24	79.74	0	35
Sūleswaranpatti	Suleswaranpatti	10.64	77.01	0	20
Sūrampatti	Surampatti	11.33	77.71	0	42
Sūrandai	Surandai	8.98	77.42	0	35
Sūryampālaiyam	Suryampalaiyam	11.40	77.71	0	29
Tambaram		12.92	80.13	0	175
Tattānkuttai	Tattankuttai	11.44	77.72	0	25
Teni		10.01	77.48	0	1035
Tevāram	Tevaram	9.90	77.28	0	16
Thanjavur		10.79	79.14	0	291
Tharangambadi		11.03	79.85	0	23
Thenkasi		8.96	77.32	0	71
Thimiri		12.83	79.31	0	16
Thiruthani		13.18	79.62	0	45
Thiruvaiyaru		10.88	79.10	0	16
Thiruvarur		10.77	79.64	0	59
Thoothukudi		8.77	78.13	0	411
Thorapadi		12.89	79.12	0	17
Thuraiyur		11.15	78.60	0	32
Tindal		11.32	77.67	0	15
Tindivanam		12.23	79.66	0	73
Tinnanūr	Tinnanur	13.11	80.03	0	37
Tiruchchendur		8.50	78.12	0	32
Tiruchengode		11.38	77.89	0	95
Tiruchirappalli		10.82	78.70	0	1023
Tirukkalikkunram		12.61	80.06	0	29
Tirukkoyilur		11.97	79.20	0	30
Tirumangalam		9.82	77.98	0	51
Tirumeshi		13.05	80.06	0	20
Tirumuruganpūndi	Tirumuruganpundi	11.16	77.31	0	32
Tirunelveli		8.73	77.68	0	1436
Tirunāgeswaram	Tirunageswaram	10.96	79.43	0	15
Tirupattur		12.49	78.57	0	64
Tirupparangunram		9.88	78.07	0	50
Tiruppur		11.12	77.35	0	963
Tiruppuvanam		9.83	78.26	0	25
Tiruppālai	Tiruppalai	9.98	78.13	0	19
Tiruttangal		9.48	77.83	0	55
Tiruvallur		13.14	79.91	0	56
Tiruvankod		8.25	77.30	0	19
Tiruvannamalai		12.23	79.07	0	145
Tiruvattār	Tiruvattar	8.33	77.27	0	19
Tiruverumbūr	Tiruverumbur	10.79	78.77	0	23
Tiruvottiyūr	Tiruvottiyur	13.16	80.30	0	249
Tisaiyanvilai		8.34	77.87	0	24
Tittagudi		11.41	79.12	0	23
Tondi		9.74	79.02	0	18
Triparappu		8.39	77.27	0	22
Tudiyalūr	Tudiyalur	11.08	76.94	0	34
Turaiyūr	Turaiyur	11.15	78.60	0	32
Tuvāgudi	Tuvagudi	10.75	78.82	0	39
Tyāgadurgam	Tyagadurgam	11.74	79.08	0	19
Tādikombu	Tadikombu	10.44	77.95	0	19
Tāndoni	Tandoni	10.93	78.09	0	54
Tāramangalam	Taramangalam	11.69	77.97	0	30
Udangudi		8.43	78.03	0	20
Udumalaippettai		10.59	77.25	0	61
Ullagaram		12.98	80.20	0	53
Unamaucheri		12.86	80.11	0	29
Unnamalaikadai		8.30	77.24	0	24
Usilampatti		9.97	77.79	0	35
Uttamapālaiyam	Uttamapalaiyam	9.81	77.33	0	29
Uttiramerūr	Uttiramerur	12.61	79.76	0	25
V.S.K.Valasai (Dindigul-Dist.)		10.32	78.15	0	18
Vadakarai Kīl Pidāgai	Vadakarai Kil Pidagai	9.04	77.27	0	21
Vadakkanandal		11.78	78.84	0	23
Vadakku Valliyūr	Vadakku Valliyur	8.38	77.61	0	29
Vadakku Viravanallur		8.70	77.52	0	20
Vadamadurai		10.44	78.10	0	18
Vadavalli		11.02	76.90	0	40
Vadipatti		10.08	77.96	0	27
Valasaravakkam		13.04	80.17	0	47
Valavanur		11.92	79.58	0	17
Vallam		10.72	79.06	0	17
Valparai		10.33	76.95	0	90
Valvachatottam		8.28	77.26	0	17
Vandalūr	Vandalur	12.89	80.08	0	17
Vandavāsi	Vandavasi	12.50	79.61	0	32
Vandiyūr	Vandiyur	9.91	78.16	0	29
Vaniyambadi		12.68	78.62	0	95
Vathirairuppu		9.64	77.64	0	17
Vattalkundu		10.16	77.76	0	23
Vazhapadi		11.66	78.40	0	18
Vedaraniyam		10.37	79.85	0	34
Velampālaiyam	Velampalaiyam	11.14	77.31	0	87
Vellakkinar		11.07	76.96	0	16
Vellalūr	Vellalur	10.98	77.03	0	25
Vellore		12.92	79.13	0	485
Velur		11.11	78.00	0	25
Vengattūr	Vengattur	13.10	79.93	0	23
Vengikkal		12.26	79.07	0	18
Verukulambu		8.30	77.29	0	20
Vettaikkaranpudur		10.56	76.91	0	18
Vettavalam		12.11	79.25	0	16
Vikramasingapuram		8.71	77.39	0	47
Vilankurichi		11.07	77.02	0	24
Vilattikulam		9.13	78.17	0	15
Villukuri		8.22	77.37	0	15
Villupuram		11.94	79.49	0	97
Vilāngudi	Vilangudi	9.95	78.09	0	31
Virudhachalam		11.51	79.33	0	74
Virudunagar		9.59	77.96	0	73
Virugambakkam		13.05	80.19	0	21
Vishāram	Visharam	12.92	79.28	0	45
Viswanatham		9.43	77.80	0	26
Vriddhāchalam	Vriddhachalam	11.52	79.32	0	61
Vāsudevanallūr	Vasudevanallur	9.24	77.41	0	21
Vīrakeralam	Virakeralam	11.01	76.91	0	24
Vīrappanchathiram	Virappanchathiram	11.35	77.71	0	84
Vīrapāndi	Virapandi	11.06	77.35	0	50
Vīrarāghavapuram	Viraraghavapuram	13.07	80.11	0	65
Vīrnūr	Virnur	11.84	77.85	0	17
Walajapet		12.93	79.37	0	47
Wellington		11.37	76.78	0	20
Āchāripallam Vāniyakudi	Acharipallam Vaniyakudi	8.17	77.38	0	17
Ālampālaiyam	Alampalaiyam	11.36	77.77	0	20
Ālangulam	Alangulam	8.86	77.50	0	29
Ālūr	Alur	8.19	77.36	0	15
Ānaiyūr	Anaiyur	9.96	78.11	0	64
Āndippatti	Andippatti	10.00	77.62	0	27
Āyikudi	Ayikudi	9.00	77.34	0	15
Ūttangarai	Uttangarai	12.27	78.54	0	18
Ūttukuli	Uttukuli	10.65	76.98	0	16
#r	Telangana
Amīnpur	Aminpur	17.52	78.32	0	36
Andol		17.81	78.08	0	25
Asifābād	Asifabad	19.36	79.28	0	23
Bellampalli		19.06	79.49	0	67
Bhadrāchalam	Bhadrachalam	17.67	80.89	0	50
Bhaisa		19.11	77.96	0	50
Bhongīr	Bhongir	17.52	78.89	0	53
Bodhan		18.66	77.89	0	78
Bodupāl	Bodupal	17.42	78.58	0	44
Bolārum	Bolarum	17.56	78.35	0	35
Bānswāda	Banswada	18.38	77.88	0	28
Bāspalli	Baspalli	17.54	78.36	0	28
Chunchupally		17.52	80.60	0	20
Dasnapur		19.65	78.51	0	22
Devarkonda		16.69	78.92	0	30
Dornakal		17.44	80.15	0	15
Farrukhnagar		17.08	78.20	0	46
Gaddi Annaram		17.37	78.52	0	54
Gadwāl	Gadwal	16.24	77.80	0	63
Ghatkesar		17.45	78.68	0	20
Hyderabad		17.38	78.46	0	6993
Jagtiāl	Jagtial	18.79	78.92	0	104
Jangaon		17.73	79.15	0	52
Jawaharnagar		17.51	78.57	0	45
Jilādiguda	Jiladiguda	17.33	78.53	0	27
Jogipet		17.84	78.07	0	18
Kagaznāgār	Kagaznagar	19.33	79.47	0	58
Karīmnagar	Karimnagar	18.44	79.13	0	290
Khammam		17.25	80.14	0	196
Khanapuram Haveli		17.26	80.17	0	53
Kodār	Kodar	17.00	79.97	0	64
Kompalli		17.54	78.49	0	16
Koratla		18.82	78.71	0	67
Kothakota		16.38	77.94	0	19
Kottagūdem	Kottagudem	17.55	80.62	0	80
Kukatpally		17.48	78.41	0	342
Kurnool		15.83	78.04	0	460
Kyathampalle		19.67	78.53	0	42
Kāmāreddi	Kamareddi	18.32	78.34	0	80
Lal Bahadur Nagar		17.35	78.56	0	262
Mahbūbnagar	Mahbubnagar	16.74	77.99	0	190
Mahbūbābād	Mahbubabad	17.60	80.00	0	43
Malkajgiri		17.45	78.53	0	150
Mancherial		18.87	79.43	0	90
Mandamarri		18.97	79.47	0	66
Manthani		18.65	79.67	0	16
Manuguru		17.93	80.83	0	33
Medak		18.05	78.26	0	47
Medchal		17.63	78.48	0	36
Meerpet		17.32	78.53	0	32
Metpalle		18.85	78.63	0	51
Miryalaguda		16.87	79.56	0	105
Māmidālapādu	Mamidalapadu	15.85	78.01	0	27
Nalgonda		17.05	79.27	0	154
Nirmal		19.10	78.34	0	88
Nizāmābād	Nizamabad	18.67	78.10	0	311
Nāgar Karnūl	Nagar Karnul	16.48	78.32	0	29
Nāgāvaram	Nagavaram	17.49	78.60	0	31
Nārāyanpet	Narayanpet	16.75	77.50	0	42
Nāspur	Naspur	18.85	79.46	0	31
Palwancha		17.58	80.68	0	80
Patancheru		17.53	78.26	0	47
Peddapalli		18.61	79.37	0	41
Pāloncha	Paloncha	17.60	80.71	0	75
Pīrzādagūda	Pirzadaguda	17.39	78.59	0	33
Quthbullapur		17.50	78.46	0	226
Ramagundam		18.75	79.47	0	243
Rāmachandrapuran	Ramachandrapuran	17.51	78.29	0	15
Rāmgundam	Ramgundam	18.80	79.45	0	452
Rāniganj	Raniganj	17.43	78.49	0	218
Sadasivpet		17.62	77.95	0	48
Saknepalli		18.93	79.46	0	32
Sangāreddi	Sangareddi	17.62	78.09	0	72
Sarapāka	Sarapaka	17.69	80.87	0	22
Sathupalli		17.25	80.87	0	40
Secunderabad		17.50	78.54	0	204
Serilingampalle		17.49	78.30	0	151
Shamshabad		17.25	78.42	0	33
Siddipet		18.10	78.85	0	67
Singānuram	Singanuram	18.82	79.50	0	20
Singāpur	Singapur	17.47	78.13	0	24
Sirsilla		18.39	78.81	0	83
Srīrāmnagar	Sriramnagar	17.27	78.26	0	20
Suriāpet	Suriapet	17.14	79.62	0	112
Sādpalli	Sadpalli	17.21	80.84	0	32
Tandur		17.25	77.58	0	65
Uppal Kalan		17.41	78.56	0	118
Vemalwāda	Vemalwada	18.47	78.87	0	34
Vikārābād	Vikarabad	17.34	77.90	0	53
Wanparti		16.37	78.07	0	61
Warangal		18.00	79.58	0	705
Yadagirigutta		17.59	78.94	0	15
Yamjāl	Yamjal	17.27	78.58	0	16
Yellandu		17.59	80.32	0	44
Zahirābād	Zahirabad	17.68	77.61	0	71
Ādilābād	Adilabad	19.67	78.54	0	119
#r	Tripura
Agartala		23.84	91.28	0	400
Barjala		23.62	91.36	0	18
Belonia		23.25	91.45	0	20
Bisālgarh	Bisalgarh	23.68	91.28	0	21
Charipara		23.81	91.25	0	20
Dharmanagar		24.37	92.17	0	41
Dukli		23.80	91.30	0	17
Kailāshahar	Kailashahar	24.33	92.00	0	22
Khowai		24.08	91.60	0	20
Madhuban		23.78	91.29	0	17
Taranagar		23.97	91.37	0	15
Udaipur		23.53	91.48	0	33
Āmbāsa	Ambasa	23.94	91.85	0	16
#r	Uttar Pradesh
Achhnera		27.18	77.76	0	21
Afzalgarh		29.39	78.67	0	28
Agra		27.18	78.02	0	1430
Ahraura		25.02	83.03	0	25
Akbarpur		26.43	82.53	0	37
Akbarpur		26.38	79.95	0	19
Ali		28.52	77.31	0	27
Alīganj	Aliganj	27.49	79.17	0	27
Alīgarh	Aligarh	27.88	78.07	0	753
Amroha		28.90	78.47	0	176
Anūpshahr	Anupshahr	28.36	78.27	0	25
Aonla		28.27	79.17	0	50
Asāra	Asara	29.25	77.31	0	16
Atarra		25.29	80.57	0	46
Atraulī	Atrauli	28.03	78.29	0	48
Auraiya		26.47	79.51	0	71
Ayodhya		26.80	82.20	0	53
Azamgarh		26.07	83.18	0	117
Baberu		25.55	80.70	0	16
Babrāla	Babrala	28.26	78.41	0	17
Babīna	Babina	25.24	78.47	0	36
Bachhraon		28.93	78.23	0	29
Baheri		28.77	79.50	0	64
Bahjoi		28.40	78.63	0	34
Bahraigh		27.57	81.59	0	182
Balrāmpur	Balrampur	27.43	82.19	0	77
Banat		29.46	77.35	0	22
Baraut		29.10	77.26	0	94
Bareilly		28.37	79.43	0	745
Bastī	Basti	26.79	82.72	0	115
Behat		30.17	77.61	0	18
Bela		25.92	82.00	0	74
Bewar		27.22	79.30	0	23
Bhadohi		25.40	82.57	0	79
Bharthana		26.75	79.22	0	41
Bharwāri	Bharwari	25.56	81.49	0	16
Bhinga		27.70	81.93	0	22
Bhongaon		27.26	79.18	0	30
Bidhūna	Bidhuna	26.80	79.51	0	27
Bijnor		29.37	78.14	0	85
Bilgrām	Bilgram	27.18	80.03	0	27
Bilhaur		26.84	80.06	0	19
Bilsanda		28.24	79.95	0	16
Bilsi		28.13	78.91	0	26
Bilthra		26.13	83.89	0	17
Bilāri	Bilari	28.62	78.80	0	30
Bindki		26.04	80.58	0	36
Bisauli		28.31	78.94	0	32
Biswān	Biswan	27.50	81.00	0	53
Budaun		28.04	79.13	0	162
Budhāna	Budhana	29.29	77.48	0	35
Bulandshahr		28.40	77.86	0	199
Bāghpat	Baghpat	28.94	77.22	0	42
Bāh	Bah	26.87	78.59	0	15
Bānda	Banda	25.48	80.33	0	152
Bāngarmau	Bangarmau	26.89	80.21	0	37
Bānsi	Bansi	27.18	82.93	0	40
Bīlāspur	Bilaspur	28.89	79.27	0	40
Bīsalpur	Bisalpur	28.29	79.80	0	68
Chandauli		25.26	83.27	0	25
Chanduasi		28.45	78.78	0	113
Charkhāri	Charkhari	25.40	79.75	0	25
Charthāwal	Charthawal	29.55	77.59	0	20
Chhaprauli		29.21	77.17	0	19
Chharra		27.92	78.40	0	25
Chhibrāmau	Chhibramau	27.15	79.50	0	57
Chhāta	Chhata	27.72	77.51	0	21
Chilla Soroda Bāngar	Chilla Soroda Bangar	28.60	77.30	0	83
Chillupār	Chillupar	26.28	83.51	0	21
Chunār	Chunar	25.13	82.88	0	36
Chāndpur	Chandpur	29.13	78.27	0	74
Colonelganj		27.13	81.70	0	26
Dalūpura	Dalupura	28.61	77.32	0	155
Dayal Pur		28.72	77.27	0	21
Deoband		29.70	77.68	0	88
Deoli		28.50	77.23	0	169
Deoraniān	Deoranian	28.63	79.48	0	20
Deoria		26.50	83.78	0	130
Dhanaura		28.96	78.26	0	28
Dhaurahra		28.00	81.09	0	20
Dhāmpur	Dhampur	29.31	78.51	0	50
Dibai		28.21	78.26	0	38
Dādri	Dadri	28.55	77.55	0	71
Dāsna	Dasna	28.68	77.52	0	28
Dātāganj	Dataganj	28.03	79.41	0	25
Etmadpur		27.24	78.20	0	23
Etāwah	Etawah	26.78	79.02	0	257
Farrukhābād	Farrukhabad	27.39	79.58	0	241
Farīdpur	Faridpur	28.21	79.54	0	72
Fatehganj West		28.47	79.31	0	24
Fatehpur		27.17	81.21	0	34
Fatehpur		25.93	80.81	0	166
Fatehpur Sīkri	Fatehpur Sikri	27.09	77.66	0	30
Fatehābād	Fatehabad	27.03	78.30	0	22
Fyzābād	Fyzabad	26.78	82.15	0	153
Fīrozābād	Firozabad	27.15	78.40	0	306
Gajraula		28.85	78.24	0	50
Gangoh		29.78	77.26	0	60
Ganj Dundwāra	Ganj Dundwara	27.73	78.94	0	46
Garhmuktesar		28.79	78.10	0	37
Gharonda Neemka Bangar		28.62	77.29	0	38
Gharroli		28.62	77.33	0	93
Ghazīpur	Ghazipur	25.58	83.59	0	103
Ghosī	Ghosi	26.11	83.54	0	39
Ghātampur	Ghatampur	26.15	80.17	0	40
Ghāziābād	Ghaziabad	28.67	77.44	0	1199
Gokalpur		28.70	77.29	0	122
Gola Gokarannāth	Gola Gokarannath	28.08	80.47	0	59
Gondā City	Gonda City	27.13	81.95	0	134
Gorakhpur		26.77	83.37	0	674
Govardhan		27.50	77.46	0	20
Greater Noida		28.50	77.54	0	294
Gulāothi	Gulaothi	28.59	77.79	0	47
Gunnaur		28.24	78.44	0	21
Gursahāiganj	Gursahaiganj	27.12	79.73	0	40
Gursarāi	Gursarai	25.62	79.18	0	25
Gyānpur	Gyanpur	25.33	82.47	0	200
Haldaur		29.29	78.28	0	19
Hamīrpur	Hamirpur	25.96	80.15	0	34
Handiā	Handia	25.36	82.19	0	18
Hardoī	Hardoi	27.39	80.13	0	123
Hasanpur		28.72	78.28	0	57
Hastināpur	Hastinapur	29.16	78.01	0	24
Hāpur	Hapur	28.73	77.78	0	243
Hāthras	Hathras	27.60	78.05	0	127
Indergarh		26.94	79.67	0	17
Islāmnagar	Islamnagar	28.33	78.73	0	29
Jagdīshpur	Jagdishpur	26.75	80.55	0	31
Jahāngīrābād	Jahangirabad	28.41	78.11	0	57
Jais		26.26	81.55	0	26
Jaitpur		28.51	77.33	0	59
Jalesar		27.47	78.30	0	39
Jalālpur	Jalalpur	26.31	82.74	0	31
Jalālābad	Jalalabad	29.62	77.44	0	25
Jalālābād	Jalalabad	27.73	79.66	0	35
Jalālī	Jalali	27.87	78.25	0	18
Jarwal		27.16	81.54	0	18
Jaswantnagar		26.88	78.90	0	28
Jaunpur		25.75	82.69	0	170
Jewar		28.12	77.56	0	29
Jharoda Mazra Burāri	Jharoda Mazra Burari	28.73	77.21	0	23
Jhinjhāna	Jhinjhana	29.52	77.22	0	20
Jhālu	Jhalu	29.34	78.23	0	20
Jhānsi	Jhansi	25.46	78.58	0	413
Jhīnjhak	Jhinjhak	26.56	79.73	0	23
Jhūsi	Jhusi	25.44	81.91	0	17
Jājmau	Jajmau	26.43	80.41	0	653
Jālaun	Jalaun	26.15	79.34	0	55
Jānsath	Jansath	29.33	77.85	0	19
Jīwanpur	Jiwanpur	28.71	77.28	0	43
Kabrāi	Kabrai	25.40	80.00	0	25
Kachhwa		25.21	82.71	0	15
Kaimganj		27.55	79.34	0	33
Kairāna	Kairana	29.40	77.21	0	80
Kakrāla	Kakrala	27.89	79.19	0	36
Kamalganj		27.26	79.63	0	16
Kannauj		27.06	79.92	0	77
Kanpur		26.47	80.35	0	2823
Kanpur Cantonment		26.46	80.38	0	109
Karhal		27.00	78.94	0	27
Karāwalnagar	Karawalnagar	28.73	77.27	0	224
Kemrī	Kemri	28.81	79.20	0	27
Khada		27.18	83.88	0	16
Khair		27.94	77.84	0	30
Khairābād	Khairabad	27.53	80.75	0	42
Khajoori Khas		28.71	77.26	0	77
Khalīlābād	Khalilabad	26.77	83.07	0	45
Khatauli		29.28	77.73	0	65
Khekra		28.87	77.28	0	42
Kheri		27.90	80.80	0	26
Khurja		28.25	77.86	0	106
Khūtār	Khutar	28.20	80.27	0	16
Kiraoli		27.14	77.79	0	21
Kithor		28.87	77.94	0	25
Konch		25.99	79.15	0	53
Kondli		28.61	77.33	0	38
Kopāganj	Kopaganj	26.02	83.57	0	34
Kosi		27.79	77.44	0	52
Kulpahār	Kulpahar	25.32	79.64	0	19
Kunda		25.72	81.51	0	25
Kundarkhi		28.68	78.79	0	27
Kushinagar		26.74	83.89	0	274
Kākori	Kakori	26.87	80.79	0	18
Kālpi	Kalpi	26.12	79.73	0	44
Kāndhla	Kandhla	29.32	77.27	0	43
Kānt	Kant	27.81	79.79	0	24
Kānth	Kanth	29.06	78.63	0	25
Kāsganj	Kasganj	27.81	78.65	0	99
Kīratpur	Kiratpur	29.51	78.21	0	60
Lakhīmpur	Lakhimpur	27.95	80.78	0	140
Lalganj		25.80	83.00	0	23
Lalitpur		24.69	78.42	0	126
Lar		26.20	83.97	0	27
Loni		28.75	77.29	0	516
Lucknow		26.84	80.92	0	2472
Lāharpur	Laharpur	27.71	80.90	0	56
Lālganj	Lalganj	25.93	81.70	0	24
Lāwar Khās	Lawar Khas	29.11	77.78	0	20
Machhlīshahr	Machhlishahr	25.69	82.41	0	25
Maghar		26.76	83.13	0	17
Mahmudābād	Mahmudabad	27.29	81.12	0	46
Mahobā	Mahoba	25.29	79.88	0	89
Maholi		27.66	80.47	0	19
Mahārāganj	Maharaganj	27.14	83.56	0	31
Mainpuri		27.23	79.03	0	95
Malīhābād	Malihabad	26.92	80.71	0	17
Mandoli		28.70	77.31	0	120
Mandāwar	Mandawar	29.49	78.13	0	21
Manglaur		29.79	77.88	0	46
Maniar		25.99	84.17	0	20
Manjhanpur		25.53	81.38	0	17
Mariāhu	Mariahu	25.60	82.60	0	22
Mathura		27.50	77.67	0	331
Mau		25.94	83.56	0	246
Mau Aimma		25.70	81.92	0	20
Maudaha		25.68	80.11	0	38
Mawāna	Mawana	29.10	77.92	0	77
Meerut		28.98	77.71	0	1223
Mehndāwal	Mehndawal	26.98	83.11	0	25
Milak		28.61	79.17	0	29
Mir Pur Turk		28.70	77.26	0	19
Mirzāpur	Mirzapur	25.14	82.57	0	220
Misrikh		27.43	80.53	0	15
Molārband	Molarband	28.50	77.31	0	91
Morādābād	Moradabad	28.84	78.78	0	721
Mubarakpur		26.09	83.29	0	53
Muhammadābād	Muhammadabad	27.31	79.43	0	22
Muhammadābād	Muhammadabad	26.03	83.38	0	24
Muhammadābād	Muhammadabad	25.62	83.76	0	33
Murādnagar	Muradnagar	28.78	77.50	0	89
Mustafābād	Mustafabad	28.72	77.27	0	127
Muzaffarnagar		29.47	77.70	0	350
Mārahra	Marahra	27.74	78.57	0	19
Mīrganj	Mirganj	28.54	79.21	0	15
Mīrānpur	Miranpur	29.29	77.95	0	27
Mīrānpur Katra	Miranpur Katra	28.03	79.67	0	30
Mīthepur	Mithepur	28.50	77.32	0	70
Nagīna	Nagina	29.44	78.44	0	77
Najībābād	Najibabad	29.61	78.34	0	84
Nakūr	Nakur	29.92	77.30	0	23
Nanauta		29.71	77.42	0	19
Narauli		28.49	78.71	0	18
Naraura		28.20	78.39	0	22
Nautanwa		27.43	83.42	0	33
Nawābganj	Nawabganj	28.54	79.63	0	34
Nawābganj	Nawabganj	26.93	81.20	0	79
Nawābganj	Nawabganj	26.86	82.14	0	17
Nichlaul		27.31	83.73	0	18
Nihtaur		29.32	78.39	0	48
Noida		28.58	77.33	0	294
Nānpāra	Nanpara	27.86	81.50	0	46
Nūrpur	Nurpur	29.15	78.41	0	39
Obra		24.42	82.99	0	56
Orai		25.99	79.45	0	158
Pachperwa		27.51	82.64	0	15
Padrauna		26.90	83.98	0	47
Pahāsu	Pahasu	28.17	78.06	0	19
Paliā Kalān	Palia Kalan	28.43	80.58	0	39
Pandit Deen Dayal Upadhyaya Nagar		25.28	83.12	0	110
Parīchhatgarh	Parichhatgarh	28.98	77.93	0	19
Pawāyan	Pawayan	28.07	80.10	0	26
Phalauda		29.19	77.83	0	19
Phaphūnd	Phaphund	26.60	79.46	0	17
Phulpur		25.55	82.09	0	23
Pihānī	Pihani	27.62	80.20	0	30
Pilkhua		28.71	77.66	0	74
Pināhat	Pinahat	26.88	78.38	0	20
Pipraich		26.83	83.53	0	16
Prayagraj		25.44	81.84	0	1073
Pukhrāyān	Pukhrayan	26.22	79.84	0	23
Pul Pehlad		28.50	77.29	0	70
Purwā	Purwa	26.46	80.77	0	22
Pīlibhīt	Pilibhit	28.63	79.80	0	131
Pūranpur	Puranpur	28.51	80.15	0	40
Raebareli		26.23	81.23	0	186
Rasrā	Rasra	25.86	83.85	0	32
Renukūt	Renukut	24.22	83.04	0	62
Richha		28.69	79.52	0	19
Robertsganj		24.69	83.07	0	38
Rura		26.49	79.90	0	16
Rāmnagar	Ramnagar	25.27	83.03	0	44
Rāmpur	Rampur	29.81	77.45	0	26
Rāmpur	Rampur	28.81	79.03	0	296
Rānīpur	Ranipur	25.25	79.06	0	19
Rāth	Rath	25.59	79.57	0	62
Rāya	Raya	27.56	77.79	0	20
Rūdarpur	Rudarpur	26.44	83.61	0	31
Sadābād	Sadabad	27.44	78.04	0	36
Safīpur	Safipur	26.74	80.34	0	25
Sahaspur		29.12	78.62	0	24
Sahaswān	Sahaswan	28.07	78.75	0	61
Sahāranpur	Saharanpur	29.97	77.55	0	485
Sahāwar	Sahawar	27.80	78.83	0	22
Saidpur		25.54	83.22	0	23
Sambhal		28.58	78.57	0	196
Sandīla	Sandila	27.07	80.51	0	53
Sarauli		28.49	79.09	0	21
Sardhana		29.15	77.61	0	50
Sarāi Mīr	Sarai Mir	26.03	82.92	0	18
Sarāi Ākil	Sarai Akil	25.38	81.51	0	17
Seohāra	Seohara	29.21	78.59	0	47
Shamsābād	Shamsabad	27.54	79.44	0	25
Shamsābād	Shamsabad	27.02	78.12	0	31
Sherkot		29.33	78.57	0	57
Shikohābād	Shikohabad	27.11	78.59	0	100
Shikārpūr	Shikarpur	28.28	78.01	0	35
Shāhganj	Shahganj	26.05	82.68	0	27
Shāhi	Shahi	28.55	79.32	0	16
Shāhjānpur	Shahjanpur	27.88	79.91	0	320
Shāhpur	Shahpur	29.35	77.55	0	19
Shāhābād	Shahabad	28.57	79.01	0	35
Shāhābād	Shahabad	27.64	79.94	0	74
Shāmli	Shamli	29.45	77.31	0	98
Shīshgarh	Shishgarh	28.73	79.31	0	23
Sidhaulī	Sidhauli	27.28	80.83	0	22
Sikandarpur		26.04	84.05	0	24
Sikandarābād	Sikandarabad	28.45	77.70	0	73
Sikandra Rao		27.69	78.38	0	42
Sirsi		28.64	78.64	0	23
Sirsāganj	Sirsaganj	27.06	78.69	0	29
Sisauli		29.41	77.47	0	16
Siswā Bāzār	Siswa Bazar	27.15	83.76	0	20
Soron		27.89	78.75	0	29
Sultānpur	Sultanpur	26.26	82.07	0	110
Suriānwān	Surianwan	25.46	82.42	0	19
Suār	Suar	29.03	79.06	0	29
Sādatpur Gujran	Sadatpur Gujran	28.73	77.25	0	98
Sāndi	Sandi	27.29	79.95	0	25
Sītāpur	Sitapur	27.56	80.68	0	164
Thakurdwara		29.19	78.86	0	40
Thāna Bhawan	Thana Bhawan	29.59	77.42	0	33
Tighri		28.51	77.24	0	47
Tilhar		27.96	79.74	0	57
Tulsīpur	Tulsipur	27.53	82.42	0	22
Tājpur	Tajpur	29.16	78.48	0	18
Tānda	Tanda	28.98	78.94	0	45
Tāndā	Tanda	26.55	82.66	0	88
Tūndla	Tundla	27.21	78.24	0	51
Ujhāni	Ujhani	28.00	79.01	0	56
Unnāo	Unnao	26.55	80.49	0	162
Usehat		27.80	79.24	0	15
Utraula		27.32	82.42	0	28
Varanasi		25.32	83.01	0	1164
Vrindāvan	Vrindavan	27.58	77.70	0	60
Wazīrganj	Wazirganj	28.21	79.06	0	19
Zaidpur		26.83	81.33	0	33
Zamānia	Zamania	25.42	83.56	0	32
Ziauddin Pur		28.71	77.28	0	69
Ūn	Un	29.58	77.26	0	15
#r	Uttarakhand
Almora		29.60	79.66	0	32
Bāzpur	Bazpur	29.15	79.11	0	24
Clement Town		30.26	78.01	0	21
Dehradun		30.32	78.03	0	522
Haldwani		29.22	79.53	0	139
Haridwar		29.95	78.16	0	186
Jaspur		29.28	78.83	0	43
Kashipur		29.21	78.96	0	103
Khatīma	Khatima	28.92	79.97	0	16
Kichha		28.91	79.52	0	35
Kotdwāra	Kotdwara	29.75	78.52	0	27
Laksar		29.76	78.04	0	19
Mussoorie		30.45	78.07	0	26
Naini Tāl	Naini Tal	29.40	79.45	0	42
Pauri		30.15	78.78	0	27
Pithorāgarh	Pithoragarh	29.58	80.21	0	48
Rishīkesh	Rishikesh	30.11	78.29	0	66
Roorkee		29.87	77.89	0	104
Rudrapur		28.98	79.40	0	155
Rāipur	Raipur	30.31	78.09	0	28
Rāmnagar	Ramnagar	29.39	79.13	0	51
Rānikhet	Ranikhet	29.64	79.43	0	20
Sitārganj	Sitarganj	28.93	79.70	0	24
Srīnagar	Srinagar	30.22	78.78	0	20
Tanakpur		29.07	80.11	0	17
Tehri		30.39	78.48	0	28
Uttarkāshi	Uttarkashi	30.73	78.44	0	17
#r	West Bengal
Adra		23.50	86.68	0	22
Aistala		23.18	88.58	0	19
Arāmbāgh	Arambagh	22.88	87.78	0	61
Ashoknagar Kalyangarh		22.86	88.64	0	111
Badūria	Baduria	22.74	88.79	0	50
Bagdogra		26.70	88.31	0	17
Bagulā	Bagula	23.34	88.64	0	21
Baharampur		24.10	88.25	0	181
Bahula		23.65	87.16	0	16
Baidyabāti	Baidyabati	22.78	88.33	0	116
Balarāmpur	Balarampur	23.10	86.22	0	23
Bangaon		23.05	88.83	0	112
Bankra		22.60	88.28	0	56
Baranagar		22.64	88.38	0	260
Barddhamān	Barddhaman	23.26	87.86	0	302
Baruipur		22.37	88.43	0	53
Basirhat City		22.66	88.85	0	143
Beldānga	Beldanga	23.93	88.26	0	27
Bhadreswar		22.82	88.34	0	122
Bhātpāra	Bhatpara	22.87	88.40	0	483
Birpara		26.70	89.15	0	30
Bishnupur		23.07	87.32	0	64
Bolpur		23.66	87.70	0	71
Budge Budge		22.48	88.18	0	77
Bāli	Bali	22.65	88.34	0	297
Bālurghāt	Balurghat	25.22	88.78	0	153
Bānkura	Bankura	23.23	87.07	0	134
Bānsbāria	Bansbaria	22.95	88.40	0	108
Bārākpur	Barakpur	22.77	88.36	0	148
Bārāsat	Barasat	22.72	88.48	0	298
Canning		22.31	88.67	0	42
Chakapara		22.63	88.35	0	27
Chandannagar		22.86	88.37	0	181
Chandrakona		22.73	87.52	0	22
Chirkunda		23.75	86.79	0	46
Chittaranjan		23.86	86.90	0	45
Contai		21.78	87.75	0	89
Dalkola		25.88	87.84	0	15
Dam Dam		22.63	88.42	0	123
Dhulagari		22.58	88.17	0	21
Dhuliān	Dhulian	24.68	87.95	0	77
Dhupgāri	Dhupgari	26.59	89.01	0	41
Diamond Harbour		22.19	88.19	0	42
Dubrājpur	Dubrajpur	23.79	87.38	0	35
Dumjor		22.62	88.25	0	18
Durgapur		23.52	87.31	0	519
Dārjiling	Darjiling	27.03	88.27	0	124
Dīnhāta	Dinhata	26.14	89.46	0	42
Egra		21.90	87.54	0	33
Farakka		24.82	87.90	0	22
Fort Gloster		22.50	88.18	0	18
Fālākāta	Falakata	26.52	89.20	0	20
Gangārāmpur	Gangarampur	25.40	88.53	0	65
Ghātāl	Ghatal	22.66	87.73	0	55
Gobārdānga	Gobardanga	22.88	88.75	0	44
Goyerkāta	Goyerkata	26.70	89.03	0	66
Guskhara		23.49	87.73	0	34
Haldia		22.06	88.11	0	171
Howrah		22.58	88.32	0	1028
Hugli		22.91	88.40	0	177
Hābra	Habra	22.84	88.66	0	139
Hālīsahar	Halisahar	22.93	88.42	0	128
Hāsimāra	Hasimara	26.75	89.35	0	40
Islāmpur	Islampur	26.27	88.19	0	56
Jaigaon		26.85	89.38	0	159
Jalpāiguri	Jalpaiguri	26.52	88.73	0	108
Jangipur		24.47	88.08	0	83
Jaynagar Majilpur		22.18	88.42	0	26
Jhalidā	Jhalida	23.37	85.98	0	18
Jhārgrām	Jhargram	22.45	86.99	0	58
Jāmuria	Jamuria	23.70	87.08	0	160
Kalyani		22.98	88.43	0	93
Kenda		23.20	86.51	0	15
Kharagpur		22.34	87.33	0	220
Khardah		22.72	88.38	0	128
Khātra	Khatra	22.98	86.85	0	16
Kishanganj		26.10	87.96	0	106
Koch Bihār	Koch Bihar	26.33	89.45	0	79
Kolkata		22.56	88.36	0	4631
Konnagar		22.71	88.34	0	76
Krishnanagar		23.41	88.49	0	146
Kulti		23.73	86.84	0	305
Kurseong		26.88	88.28	0	46
Kāliyāganj	Kaliyaganj	25.63	88.33	0	52
Kālna	Kalna	23.22	88.36	0	54
Kāmārhāti	Kamarhati	22.67	88.37	0	333
Kānchrāpāra	Kanchrapara	22.96	88.43	0	137
Kāndi	Kandi	23.96	88.04	0	55
Kātoya	Katoya	23.65	88.13	0	78
Lakhyabad		23.67	86.67	0	33
Lālgola	Lalgola	24.42	88.25	0	28
Madhyamgram		22.69	88.45	0	161
Maheshtala		22.51	88.25	0	448
Mahiari		22.59	88.24	0	17
Mahīshādal	Mahishadal	22.19	87.98	0	18
Maināguri	Mainaguri	26.56	88.82	0	29
Maithon		23.78	86.81	0	19
Malda		25.00	88.15	0	170
Medinīpur	Medinipur	22.42	87.32	0	153
Memāri	Memari	23.18	88.10	0	44
Monoharpur		22.11	88.08	0	23
Murshidābād	Murshidabad	24.18	88.27	0	40
Mātābhānga	Matabhanga	26.34	89.22	0	23
Naihāti	Naihati	22.89	88.42	0	253
Naksalbāri	Naksalbari	26.68	88.22	0	57
Nalhāti	Nalhati	24.30	87.83	0	26
Navadwīp	Navadwip	23.41	88.37	0	111
Pakur		24.64	87.84	0	46
Pandua		23.07	88.29	0	28
Pujali		22.47	88.15	0	37
Puruliya		23.33	86.36	0	123
Pānchla	Panchla	22.54	88.14	0	24
Pānihāti	Panihati	22.69	88.37	0	379
Raghunathpur		23.54	86.67	0	23
Rajpur Sonarpur		22.44	88.43	0	424
Rampur Hat		24.18	87.78	0	53
Rishra		22.72	88.35	0	117
Rāiganj	Raiganj	25.61	88.12	0	170
Rājmahal	Rajmahal	25.05	87.83	0	23
Rāmjībanpur	Ramjibanpur	22.83	87.61	0	18
Rānāghāt	Ranaghat	23.18	88.57	0	71
Rānīganj	Raniganj	23.62	87.13	0	131
Sainthia		23.95	87.68	0	43
Shrīrāmpur	Shrirampur	22.75	88.34	0	226
Shyamnagar		22.83	88.37	0	442
Shāntipur	Shantipur	23.25	88.43	0	150
Siliguri		26.71	88.43	0	516
Singur		22.81	88.23	0	19
Siuliban		23.75	86.78	0	24
Siuri		23.91	87.53	0	65
Sonāmukhi	Sonamukhi	23.31	87.41	0	28
Srirāmpur	Srirampur	22.95	88.02	0	19
Sānkrāil	Sankrail	22.55	88.23	0	28
Tamlūk	Tamluk	22.30	87.93	0	49
Tarakeswar		22.89	88.01	0	30
Titāgarh	Titagarh	22.74	88.37	0	128
Tufānganj	Tufanganj	26.32	89.67	0	20
Tāki	Taki	22.59	88.93	0	40
Uluberiya		22.48	88.10	0	235
Āmlāgora	Amlagora	22.85	87.34	0	19
Āmta	Amta	22.58	88.01	0	17
Āsansol	Asansol	23.68	86.98	0	504
